timestamp_sec,frame_id,class_id,class_name,confidence,x1,y1,x2,y2
0.0,0,2,car,0.611,1514,801,1658,891
0.0,0,2,car,0.481,1264,802,1316,842
0.0,0,2,car,0.451,1334,785,1405,852
0.033,1,2,car,0.805,233,781,424,871
0.033,1,2,car,0.743,1548,807,1715,903
0.033,1,2,car,0.505,1345,787,1422,853
0.033,1,2,car,0.463,1459,804,1525,853
0.033,1,2,car,0.427,1277,804,1331,843
0.067,2,2,car,0.807,233,781,423,871
0.067,2,2,car,0.742,1548,806,1715,903
0.067,2,2,car,0.505,1345,787,1422,853
0.067,2,2,car,0.46,1459,804,1525,853
0.067,2,2,car,0.426,1277,804,1331,843
0.1,3,2,car,0.81,233,781,424,871
0.1,3,2,car,0.739,1548,807,1715,903
0.1,3,2,car,0.499,1345,787,1422,853
0.1,3,2,car,0.459,1459,804,1525,853
0.1,3,2,car,0.426,1277,804,1331,843
0.133,4,2,car,0.81,233,780,425,871
0.133,4,2,car,0.74,1548,807,1715,903
0.133,4,2,car,0.495,1345,786,1422,853
0.133,4,2,car,0.464,1459,804,1525,853
0.133,4,2,car,0.436,1277,804,1331,843
0.167,5,2,car,0.81,233,781,424,871
0.167,5,2,car,0.736,1548,807,1714,903
0.167,5,2,car,0.483,1345,787,1422,853
0.167,5,2,car,0.461,1459,804,1525,853
0.167,5,2,car,0.429,1276,806,1331,843
0.2,6,2,car,0.811,232,781,425,871
0.2,6,2,car,0.741,1548,807,1715,903
0.2,6,2,car,0.49,1345,787,1422,853
0.2,6,2,car,0.479,1459,805,1526,854
0.2,6,2,car,0.432,1276,806,1331,843
0.233,7,2,car,0.809,232,781,424,870
0.233,7,2,car,0.736,1548,807,1714,901
0.233,7,2,car,0.491,1459,805,1526,854
0.233,7,2,car,0.489,1342,784,1424,852
0.233,7,2,car,0.434,1276,806,1331,843
0.267,8,2,car,0.804,233,781,424,870
0.267,8,2,car,0.742,1548,807,1714,903
0.267,8,2,car,0.503,1459,805,1527,854
0.267,8,2,car,0.49,1342,783,1424,852
0.267,8,2,car,0.434,1276,805,1331,843
0.3,9,2,car,0.801,232,781,426,870
0.3,9,2,car,0.751,1548,807,1714,903
0.3,9,2,car,0.513,1459,805,1528,854
0.3,9,2,car,0.488,1342,784,1424,852
0.3,9,2,car,0.433,1277,806,1331,843
0.333,10,2,car,0.808,233,781,424,870
0.333,10,2,car,0.745,1549,807,1714,903
0.333,10,2,car,0.504,1459,805,1528,854
0.333,10,2,car,0.488,1342,784,1424,852
0.333,10,2,car,0.436,1277,806,1331,843
0.367,11,2,car,0.809,232,781,424,870
0.367,11,2,car,0.749,1548,807,1714,903
0.367,11,2,car,0.508,1459,805,1527,854
0.367,11,2,car,0.485,1343,784,1424,852
0.367,11,2,car,0.425,1277,805,1331,843
0.4,12,2,car,0.809,232,781,424,870
0.4,12,2,car,0.749,1548,807,1714,903
0.4,12,2,car,0.507,1459,805,1527,854
0.4,12,2,car,0.487,1343,784,1424,852
0.4,12,2,car,0.423,1277,805,1331,843
0.433,13,2,car,0.808,232,781,424,870
0.433,13,2,car,0.753,1548,806,1714,903
0.433,13,2,car,0.497,1459,805,1528,854
0.433,13,2,car,0.485,1343,784,1424,852
0.433,13,2,car,0.429,1277,805,1331,843
0.467,14,2,car,0.781,1546,808,1718,904
0.467,14,2,car,0.699,224,779,418,870
0.467,14,2,car,0.534,1347,785,1424,851
0.467,14,2,car,0.453,1459,805,1529,854
0.467,14,2,car,0.446,1277,806,1332,843
0.5,15,2,car,0.78,1546,808,1718,904
0.5,15,2,car,0.71,224,779,419,870
0.5,15,2,car,0.538,1347,785,1424,851
0.5,15,2,car,0.452,1459,805,1529,854
0.5,15,2,car,0.448,1277,806,1332,843
0.533,16,2,car,0.76,214,776,417,871
0.533,16,2,car,0.709,1554,808,1724,904
0.533,16,2,car,0.579,1349,785,1425,851
0.533,16,2,car,0.473,1278,807,1333,843
0.533,16,2,car,0.467,440,771,597,851
0.533,16,2,car,0.421,483,770,599,847
0.567,17,2,car,0.774,1555,808,1732,905
0.567,17,2,car,0.655,488,774,599,846
0.567,17,2,car,0.624,195,776,379,871
0.567,17,2,car,0.595,1353,786,1426,850
0.567,17,2,car,0.502,1281,804,1334,843
0.6,18,2,car,0.773,1555,808,1732,905
0.6,18,2,car,0.656,488,774,599,846
0.6,18,2,car,0.623,195,776,379,871
0.6,18,2,car,0.594,1353,786,1426,850
0.6,18,2,car,0.503,1281,804,1334,843
0.633,19,2,car,0.772,1555,808,1732,906
0.633,19,2,car,0.655,488,774,599,846
0.633,19,2,car,0.625,195,776,379,871
0.633,19,2,car,0.603,1353,786,1426,850
0.633,19,2,car,0.504,1281,804,1334,843
0.667,20,2,car,0.784,1559,808,1737,908
0.667,20,2,car,0.538,1352,787,1426,850
0.667,20,2,car,0.491,1360,800,1425,851
0.667,20,2,car,0.456,1280,804,1335,843
0.667,20,2,car,0.433,474,769,590,846
0.667,20,2,car,0.409,519,775,590,844
0.667,20,2,car,0.408,190,787,366,873
0.7,21,2,car,0.738,1568,807,1748,909
0.7,21,2,car,0.574,1620,809,1749,909
0.7,21,9,traffic light,0.514,1782,429,1838,512
0.7,21,2,car,0.513,492,776,581,846
0.7,21,2,car,0.5,1468,802,1545,860
0.7,21,2,car,0.498,1282,804,1335,842
0.7,21,2,car,0.469,1355,786,1428,850
0.7,21,2,car,0.462,267,774,370,863
0.7,21,2,car,0.421,351,777,474,855
0.7,21,2,car,0.413,1362,806,1427,852
0.7,21,2,car,0.406,164,771,365,871
0.733,22,2,car,0.739,1568,807,1748,909
0.733,22,2,car,0.573,1620,809,1749,909
0.733,22,9,traffic light,0.514,1782,429,1838,512
0.733,22,2,car,0.514,492,776,581,846
0.733,22,2,car,0.5,1468,802,1545,860
0.733,22,2,car,0.498,1282,804,1335,842
0.733,22,2,car,0.469,1355,786,1428,850
0.733,22,2,car,0.462,267,774,370,863
0.733,22,2,car,0.421,351,777,474,855
0.733,22,2,car,0.413,1363,806,1427,852
0.733,22,2,car,0.407,164,771,365,871
0.767,23,2,car,0.741,1569,806,1761,912
0.767,23,2,car,0.624,188,773,363,865
0.767,23,2,car,0.521,1282,801,1336,842
0.767,23,2,car,0.481,1369,806,1430,851
0.767,23,2,car,0.458,1474,804,1551,860
0.767,23,2,car,0.436,468,774,572,850
0.8,24,2,car,0.741,1569,806,1761,912
0.8,24,2,car,0.624,188,773,363,865
0.8,24,2,car,0.521,1282,801,1336,842
0.8,24,2,car,0.48,1369,807,1430,851
0.8,24,2,car,0.457,1474,804,1551,860
0.8,24,2,car,0.436,468,774,572,850
0.833,25,2,car,0.792,1573,806,1771,918
0.833,25,2,car,0.723,107,770,338,870
0.833,25,2,car,0.577,443,773,563,845
0.833,25,2,car,0.532,1284,800,1337,841
0.833,25,2,car,0.445,1477,805,1553,859
0.833,25,2,car,0.43,1369,805,1434,852
0.833,25,2,car,0.424,1433,802,1481,848
0.867,26,2,car,0.854,1577,806,1779,918
0.867,26,2,car,0.698,434,772,558,845
0.867,26,2,car,0.695,98,769,321,870
0.867,26,2,car,0.62,298,768,440,854
0.867,26,2,car,0.541,1284,800,1338,841
0.867,26,2,car,0.473,1371,805,1436,852
0.867,26,2,car,0.443,431,770,525,847
0.867,26,2,car,0.43,1476,805,1552,859
0.9,27,2,car,0.854,1578,806,1779,918
0.9,27,2,car,0.699,434,772,558,845
0.9,27,2,car,0.694,97,769,322,870
0.9,27,2,car,0.618,298,768,440,854
0.9,27,2,car,0.542,1284,800,1338,841
0.9,27,2,car,0.473,1371,805,1436,852
0.9,27,2,car,0.439,431,770,526,847
0.9,27,2,car,0.436,1476,805,1552,859
0.933,28,2,car,0.844,1577,805,1790,919
0.933,28,2,car,0.817,72,768,313,872
0.933,28,2,car,0.591,419,771,546,847
0.933,28,2,car,0.578,276,773,427,857
0.933,28,2,car,0.528,1477,803,1557,862
0.933,28,2,car,0.514,1286,800,1338,841
0.933,28,2,car,0.42,1475,805,1539,857
0.967,29,2,car,0.831,1586,807,1801,922
0.967,29,2,car,0.784,47,767,283,874
0.967,29,2,car,0.711,273,768,414,856
0.967,29,2,car,0.627,404,767,537,847
0.967,29,2,car,0.593,1481,805,1560,863
0.967,29,2,car,0.547,1285,800,1341,842
1.0,30,2,car,0.831,1586,807,1802,922
1.0,30,2,car,0.781,48,767,282,874
1.0,30,2,car,0.714,273,768,414,856
1.0,30,2,car,0.634,404,767,537,847
1.0,30,2,car,0.591,1481,805,1560,863
1.0,30,2,car,0.544,1285,800,1341,842
1.033,31,2,car,0.833,1585,807,1802,922
1.033,31,2,car,0.786,48,768,281,874
1.033,31,2,car,0.709,273,768,414,855
1.033,31,2,car,0.584,1481,805,1560,863
1.033,31,2,car,0.584,405,768,541,845
1.033,31,2,car,0.547,1285,800,1341,841
1.033,31,9,traffic light,0.413,1896,356,1951,461
1.067,32,2,car,0.829,1585,807,1801,922
1.067,32,2,car,0.787,48,767,281,874
1.067,32,2,car,0.684,273,768,413,855
1.067,32,2,car,0.602,404,767,536,848
1.067,32,2,car,0.567,1481,805,1559,863
1.067,32,2,car,0.546,1285,800,1340,841
1.1,33,2,car,0.813,1589,808,1803,922
1.1,33,2,car,0.582,17,768,258,872
1.1,33,2,car,0.545,1286,802,1340,843
1.1,33,2,car,0.51,1486,808,1562,861
1.1,33,9,traffic light,0.501,1922,334,2000,450
1.1,33,2,car,0.406,1503,815,1571,865
1.133,34,2,car,0.819,1590,808,1802,922
1.133,34,2,car,0.645,16,767,258,873
1.133,34,2,car,0.539,1286,803,1340,843
1.133,34,2,car,0.52,1485,808,1564,861
1.133,34,9,traffic light,0.513,1923,334,1999,446
1.133,34,2,car,0.404,1499,814,1571,865
1.167,35,2,car,0.817,1593,809,1818,932
1.167,35,2,car,0.803,0,765,234,874
1.167,35,2,car,0.604,1285,802,1339,844
1.167,35,2,car,0.591,1485,810,1554,859
1.167,35,2,car,0.573,569,786,735,841
1.167,35,2,car,0.522,217,766,313,856
1.167,35,2,car,0.434,366,767,508,846
1.167,35,9,traffic light,0.413,1973,317,2020,428
1.2,36,2,car,0.819,1592,809,1818,932
1.2,36,2,car,0.803,0,765,235,874
1.2,36,2,car,0.607,1285,802,1339,844
1.2,36,2,car,0.582,1485,810,1553,859
1.2,36,2,car,0.582,569,786,736,842
1.2,36,2,car,0.491,217,766,313,857
1.2,36,2,car,0.417,364,765,511,848
1.2,36,9,traffic light,0.413,1973,317,2020,428
1.233,37,2,car,0.821,0,764,213,874
1.233,37,2,car,0.813,1599,810,1828,934
1.233,37,2,car,0.711,352,764,495,850
1.233,37,2,car,0.691,193,768,363,860
1.233,37,2,car,0.627,1284,804,1340,845
1.233,37,9,traffic light,0.51,2006,303,2065,415
1.233,37,2,car,0.477,1487,811,1550,861
1.233,37,2,car,0.425,1529,817,1583,873
1.267,38,2,car,0.82,0,764,209,873
1.267,38,2,car,0.819,1598,810,1829,933
1.267,38,2,car,0.71,352,763,495,850
1.267,38,2,car,0.69,194,768,362,860
1.267,38,2,car,0.633,1284,804,1340,845
1.267,38,9,traffic light,0.504,2006,303,2065,416
1.267,38,2,car,0.48,1487,811,1549,860
1.267,38,2,car,0.414,1529,816,1582,873
1.267,38,9,traffic light,0.407,1011,452,1040,525
1.3,39,2,car,0.837,0,764,197,873
1.3,39,2,car,0.817,1601,812,1835,938
1.3,39,2,car,0.702,346,768,487,852
1.3,39,2,car,0.661,187,766,355,860
1.3,39,2,car,0.583,1285,807,1340,846
1.3,39,2,car,0.575,1487,811,1551,861
1.3,39,9,traffic light,0.476,1007,448,1036,520
1.3,39,9,traffic light,0.472,2019,300,2082,406
1.3,39,2,car,0.422,1532,821,1589,876
1.3,39,9,traffic light,0.407,2068,294,2109,401
1.333,40,2,car,0.819,0,765,177,876
1.333,40,2,car,0.815,1606,813,1844,942
1.333,40,2,car,0.775,168,769,341,861
1.333,40,2,car,0.639,330,766,480,850
1.333,40,2,car,0.629,1486,812,1567,864
1.333,40,2,car,0.611,1286,807,1340,847
1.333,40,9,traffic light,0.57,998,439,1028,517
1.333,40,2,car,0.442,1434,811,1492,856
1.333,40,9,traffic light,0.43,2061,278,2127,391
1.333,40,2,car,0.405,488,789,684,846
1.367,41,2,car,0.817,0,765,177,876
1.367,41,2,car,0.816,1606,813,1844,942
1.367,41,2,car,0.776,168,769,341,861
1.367,41,2,car,0.64,330,766,480,850
1.367,41,2,car,0.628,1486,812,1567,865
1.367,41,2,car,0.614,1286,807,1340,847
1.367,41,9,traffic light,0.577,998,439,1028,517
1.367,41,2,car,0.441,1434,811,1492,856
1.367,41,9,traffic light,0.425,2061,278,2127,391
1.4,42,2,car,0.819,0,765,177,876
1.4,42,2,car,0.816,1606,813,1844,942
1.4,42,2,car,0.777,168,769,341,861
1.4,42,2,car,0.639,330,766,480,850
1.4,42,2,car,0.629,1486,812,1567,865
1.4,42,2,car,0.616,1286,807,1340,847
1.4,42,9,traffic light,0.573,998,439,1028,517
1.4,42,2,car,0.45,1434,811,1492,856
1.4,42,9,traffic light,0.428,2061,278,2127,391
1.433,43,2,car,0.822,1607,814,1848,943
1.433,43,2,car,0.818,0,764,172,877
1.433,43,2,car,0.746,154,766,328,863
1.433,43,2,car,0.731,326,763,471,851
1.433,43,9,traffic light,0.686,995,435,1029,514
1.433,43,2,car,0.652,1487,812,1564,864
1.433,43,2,car,0.637,1286,807,1341,848
1.433,43,2,car,0.602,466,787,664,850
1.433,43,2,car,0.5,1435,811,1492,856
1.433,43,9,traffic light,0.424,2079,245,2146,376
1.467,44,2,car,0.824,1610,814,1856,949
1.467,44,2,car,0.79,0,764,146,875
1.467,44,2,car,0.749,133,766,308,864
1.467,44,2,car,0.744,295,766,454,853
1.467,44,2,car,0.703,1283,806,1343,850
1.467,44,2,car,0.624,1490,812,1562,865
1.467,44,2,car,0.563,408,786,631,854
1.467,44,9,traffic light,0.526,980,416,1017,514
1.467,44,2,car,0.481,1437,811,1492,859
1.467,44,2,car,0.459,1381,815,1443,859
1.5,45,2,car,0.821,1610,814,1856,949
1.5,45,2,car,0.785,0,764,147,875
1.5,45,2,car,0.744,133,766,308,864
1.5,45,2,car,0.737,295,767,454,853
1.5,45,2,car,0.701,1283,806,1343,850
1.5,45,2,car,0.624,1490,812,1562,865
1.5,45,2,car,0.571,408,786,632,855
1.5,45,9,traffic light,0.501,980,417,1018,514
1.5,45,2,car,0.468,1438,811,1492,859
1.5,45,2,car,0.46,1381,815,1444,859
1.533,46,2,car,0.842,1612,815,1860,949
1.533,46,2,car,0.741,0,764,124,877
1.533,46,2,car,0.737,115,767,305,865
1.533,46,2,car,0.732,295,768,452,852
1.533,46,2,car,0.667,1281,805,1342,850
1.533,46,2,car,0.662,1488,812,1564,867
1.533,46,9,traffic light,0.645,978,413,1012,501
1.533,46,2,car,0.495,1436,811,1490,859
1.533,46,2,car,0.48,384,783,611,853
1.533,46,2,car,0.466,1381,816,1443,860
1.533,46,9,traffic light,0.432,2146,212,2223,346
1.567,47,2,car,0.865,1610,815,1868,952
1.567,47,2,car,0.778,86,762,280,867
1.567,47,2,car,0.777,0,761,95,875
1.567,47,9,traffic light,0.717,964,399,998,495
1.567,47,2,car,0.668,269,765,427,855
1.567,47,2,car,0.658,1280,805,1342,850
1.567,47,2,car,0.639,1488,812,1568,870
1.567,47,2,car,0.596,347,787,596,858
1.567,47,2,car,0.505,1380,817,1440,861
1.567,47,2,car,0.458,1435,811,1488,859
1.6,48,2,car,0.864,1611,815,1868,952
1.6,48,2,car,0.783,0,761,95,875
1.6,48,2,car,0.778,85,762,280,867
1.6,48,9,traffic light,0.725,964,399,998,495
1.6,48,2,car,0.67,269,765,428,855
1.6,48,2,car,0.659,1280,805,1342,850
1.6,48,2,car,0.64,1488,812,1568,870
1.6,48,2,car,0.588,347,787,595,858
1.6,48,2,car,0.501,1380,817,1440,861
1.6,48,2,car,0.449,1435,811,1488,859
1.633,49,2,car,0.865,1611,815,1868,952
1.633,49,2,car,0.783,0,761,95,875
1.633,49,2,car,0.777,85,762,280,867
1.633,49,9,traffic light,0.719,965,399,998,495
1.633,49,2,car,0.671,269,765,428,855
1.633,49,2,car,0.653,1280,805,1342,850
1.633,49,2,car,0.636,1488,812,1567,870
1.633,49,2,car,0.587,347,787,595,858
1.633,49,2,car,0.491,1380,817,1441,860
1.633,49,2,car,0.422,1435,811,1488,858
1.667,50,2,car,0.851,1609,816,1873,956
1.667,50,2,car,0.792,78,762,276,866
1.667,50,9,traffic light,0.682,962,395,995,483
1.667,50,2,car,0.658,1489,812,1565,870
1.667,50,2,car,0.631,0,761,90,875
1.667,50,2,car,0.615,265,764,429,854
1.667,50,2,car,0.611,1280,805,1341,851
1.667,50,2,car,0.6,318,786,580,861
1.667,50,2,car,0.501,1381,817,1441,861
1.7,51,2,car,0.84,1613,816,1882,960
1.7,51,2,car,0.668,42,763,250,867
1.7,51,2,car,0.666,1276,809,1341,851
1.7,51,2,car,0.603,1491,812,1566,873
1.7,51,2,car,0.575,255,781,528,864
1.7,51,2,car,0.552,1378,818,1440,863
1.7,51,2,car,0.489,1436,812,1491,861
1.7,51,9,traffic light,0.473,953,379,984,459
1.7,51,2,car,0.415,261,777,520,913
1.7,51,2,car,0.41,246,767,361,861
1.733,52,2,car,0.841,1614,817,1882,960
1.733,52,2,car,0.671,1276,809,1341,851
1.733,52,2,car,0.668,40,762,250,867
1.733,52,2,car,0.612,1491,812,1566,873
1.733,52,2,car,0.572,255,781,528,865
1.733,52,2,car,0.549,1378,818,1441,863
1.733,52,2,car,0.482,1436,812,1491,861
1.733,52,9,traffic light,0.44,953,380,984,460
1.733,52,2,car,0.418,246,767,361,860
1.733,52,2,car,0.412,261,777,520,921
1.767,53,2,car,0.862,1612,817,1889,963
1.767,53,2,car,0.839,197,780,480,899
1.767,53,2,car,0.754,4,761,226,869
1.767,53,9,traffic light,0.745,936,362,971,460
1.767,53,2,car,0.671,1275,809,1338,853
1.767,53,2,car,0.575,1490,813,1562,876
1.767,53,2,car,0.548,1379,818,1439,864
1.767,53,2,car,0.473,1434,811,1489,860
1.8,54,2,car,0.857,1614,817,1894,965
1.8,54,2,car,0.808,161,781,463,910
1.8,54,2,car,0.756,0,760,210,873
1.8,54,2,car,0.681,1272,809,1337,853
1.8,54,2,car,0.601,1490,814,1561,876
1.8,54,2,car,0.574,1379,818,1439,864
1.8,54,9,traffic light,0.497,927,350,964,452
1.8,54,2,car,0.458,1434,812,1490,860
1.833,55,2,car,0.862,1615,817,1896,967
1.833,55,2,car,0.844,125,778,442,909
1.833,55,2,car,0.805,0,759,197,874
1.833,55,2,car,0.687,1271,808,1336,853
1.833,55,2,car,0.62,1490,814,1561,875
1.833,55,9,traffic light,0.614,925,344,959,445
1.833,55,2,car,0.558,1378,818,1440,865
1.833,55,2,car,0.467,1434,811,1489,860
1.867,56,2,car,0.856,1614,818,1899,970
1.867,56,2,car,0.805,83,783,424,912
1.867,56,9,traffic light,0.737,913,338,954,433
1.867,56,2,car,0.7,0,761,176,872
1.867,56,2,car,0.661,1268,808,1335,853
1.867,56,2,car,0.586,1489,814,1562,875
1.867,56,2,car,0.575,1378,818,1440,866
1.867,56,2,car,0.503,1434,811,1491,860
1.9,57,2,car,0.859,1614,820,1912,973
1.9,57,2,car,0.765,2,785,355,925
1.9,57,9,traffic light,0.639,897,314,935,420
1.9,57,2,car,0.615,1267,809,1336,855
1.9,57,2,car,0.551,1489,815,1562,878
1.9,57,2,car,0.533,1378,816,1439,866
1.9,57,2,car,0.521,1434,811,1489,862
1.9,57,0,person,0.5,2022,842,2081,973
1.9,57,2,car,0.408,0,763,143,865
1.933,58,2,car,0.865,1615,820,1912,973
1.933,58,2,car,0.779,2,785,356,926
1.933,58,9,traffic light,0.637,897,314,935,420
1.933,58,2,car,0.618,1266,808,1336,855
1.933,58,2,car,0.568,1489,815,1562,878
1.933,58,2,car,0.552,1435,811,1489,862
1.933,58,2,car,0.538,1378,816,1439,866
1.933,58,0,person,0.494,2021,841,2091,976
1.933,58,2,car,0.41,0,763,143,865
1.967,59,2,car,0.872,1615,818,1913,972
1.967,59,2,car,0.763,1,771,333,931
1.967,59,9,traffic light,0.658,885,301,927,412
1.967,59,2,car,0.617,1264,807,1333,853
1.967,59,2,car,0.528,1490,813,1564,880
1.967,59,2,car,0.495,1376,816,1440,865
1.967,59,2,car,0.434,573,776,715,848
2.0,60,2,car,0.872,1615,818,1913,972
2.0,60,2,car,0.766,1,771,333,931
2.0,60,9,traffic light,0.649,885,301,927,412
2.0,60,2,car,0.611,1264,807,1333,853
2.0,60,2,car,0.529,1489,815,1562,878
2.0,60,2,car,0.492,1376,816,1440,865
2.0,60,2,car,0.436,573,775,715,848
2.033,61,2,car,0.868,1615,819,1917,975
2.033,61,2,car,0.664,1262,808,1333,854
2.033,61,9,traffic light,0.658,876,293,918,416
2.033,61,2,car,0.55,1490,812,1565,879
2.033,61,2,car,0.543,2,781,294,936
2.033,61,2,car,0.527,1376,817,1440,865
2.033,61,2,car,0.413,214,764,332,854
2.033,61,2,car,0.403,573,778,721,850
2.067,62,2,car,0.863,1618,819,1933,979
2.067,62,2,car,0.756,99,765,291,873
2.067,62,9,traffic light,0.71,835,243,880,394
2.067,62,2,car,0.683,1258,808,1328,854
2.067,62,2,car,0.538,0,766,145,958
2.067,62,2,car,0.534,1377,816,1438,866
2.067,62,2,car,0.504,1491,812,1568,884
2.067,62,2,car,0.43,500,777,618,852
2.067,62,2,car,0.412,1546,819,1640,894
2.1,63,2,car,0.864,1618,819,1933,979
2.1,63,2,car,0.753,99,765,291,873
2.1,63,9,traffic light,0.707,835,243,880,394
2.1,63,2,car,0.683,1258,808,1328,854
2.1,63,2,car,0.543,0,768,145,956
2.1,63,2,car,0.532,1377,816,1438,866
2.1,63,2,car,0.504,1491,812,1568,884
2.1,63,2,car,0.422,500,777,618,852
2.1,63,2,car,0.413,1546,819,1643,895
2.133,64,2,car,0.866,1620,819,1936,982
2.133,64,2,car,0.771,80,766,277,873
2.133,64,2,car,0.703,1260,807,1325,853
2.133,64,2,car,0.65,472,777,614,861
2.133,64,2,car,0.648,0,763,98,922
2.133,64,2,car,0.517,1546,819,1658,896
2.133,64,2,car,0.515,1376,815,1439,867
2.133,64,9,traffic light,0.494,822,228,867,358
2.133,64,2,car,0.47,1491,815,1563,880
2.133,64,2,car,0.403,600,790,682,842
2.167,65,2,car,0.85,1619,820,1945,984
2.167,65,2,car,0.814,58,767,265,875
2.167,65,2,car,0.726,1259,808,1324,854
2.167,65,2,car,0.588,1375,815,1438,867
2.167,65,9,traffic light,0.578,804,213,856,348
2.167,65,2,car,0.5,1491,814,1565,881
2.167,65,2,car,0.484,461,776,599,863
2.167,65,2,car,0.478,1547,819,1655,895
2.2,66,2,car,0.847,1618,819,1945,984
2.2,66,2,car,0.814,59,767,265,875
2.2,66,2,car,0.729,1259,808,1325,854
2.2,66,2,car,0.586,1375,815,1438,867
2.2,66,9,traffic light,0.569,804,213,856,348
2.2,66,2,car,0.509,1491,814,1565,881
2.2,66,2,car,0.492,463,776,605,865
2.2,66,2,car,0.483,1546,819,1653,895
2.233,67,2,car,0.858,1620,818,1949,985
2.233,67,2,car,0.813,35,768,254,877
2.233,67,2,car,0.77,1257,808,1324,855
2.233,67,2,car,0.716,437,776,580,872
2.233,67,9,traffic light,0.666,796,199,843,334
2.233,67,2,car,0.611,1374,815,1437,867
2.233,67,2,car,0.484,1491,814,1566,881
2.233,67,2,car,0.47,1546,818,1659,895
2.233,67,2,car,0.453,579,786,664,845
2.267,68,2,car,0.854,1619,818,1949,985
2.267,68,2,car,0.812,34,769,254,877
2.267,68,2,car,0.775,1257,808,1324,855
2.267,68,9,traffic light,0.695,796,199,843,334
2.267,68,2,car,0.694,439,777,581,873
2.267,68,2,car,0.603,1374,815,1437,867
2.267,68,2,car,0.493,1490,815,1564,879
2.267,68,2,car,0.465,1546,819,1642,895
2.267,68,2,car,0.431,576,785,663,846
2.3,69,2,car,0.864,1622,818,1964,988
2.3,69,2,car,0.798,2,773,230,881
2.3,69,2,car,0.795,1256,810,1322,856
2.3,69,9,traffic light,0.741,767,163,813,303
2.3,69,2,car,0.682,367,774,554,873
2.3,69,2,car,0.513,1373,816,1435,867
2.3,69,2,car,0.498,1489,814,1565,878
2.333,70,2,car,0.866,1621,818,1964,988
2.333,70,2,car,0.797,1256,810,1322,856
2.333,70,2,car,0.796,3,773,231,881
2.333,70,9,traffic light,0.741,767,163,814,303
2.333,70,2,car,0.678,367,774,554,874
2.333,70,2,car,0.513,1373,816,1435,867
2.333,70,2,car,0.499,1489,814,1565,878
2.367,71,2,car,0.884,1621,817,1970,988
2.367,71,2,car,0.81,1254,809,1321,856
2.367,71,9,traffic light,0.769,713,100,763,251
2.367,71,2,car,0.694,1,775,186,880
2.367,71,2,car,0.596,1373,815,1433,866
2.367,71,2,car,0.577,349,772,550,878
2.367,71,2,car,0.498,1491,814,1567,880
2.367,71,2,car,0.428,1549,817,1623,893
2.4,72,2,car,0.861,1628,816,1979,990
2.4,72,2,car,0.768,1252,809,1319,855
2.4,72,9,traffic light,0.764,712,100,763,250
2.4,72,2,car,0.752,318,776,524,882
2.4,72,2,car,0.617,1372,815,1433,865
2.4,72,2,car,0.499,1491,812,1572,878
2.4,72,2,car,0.483,0,776,111,878
2.433,73,2,car,0.869,1630,810,1983,991
2.433,73,9,traffic light,0.782,672,50,736,215
2.433,73,2,car,0.777,1253,805,1318,853
2.433,73,2,car,0.705,274,772,487,882
2.433,73,2,car,0.579,1488,811,1564,874
2.433,73,2,car,0.491,1369,810,1433,860
2.433,73,2,car,0.459,1549,818,1623,891
2.467,74,2,car,0.868,1630,810,1983,991
2.467,74,9,traffic light,0.782,672,50,737,215
2.467,74,2,car,0.778,1253,805,1318,853
2.467,74,2,car,0.704,274,773,487,882
2.467,74,2,car,0.573,1488,811,1564,874
2.467,74,2,car,0.488,1369,810,1433,860
2.467,74,2,car,0.454,1549,818,1623,891
2.5,75,2,car,0.837,1629,808,1994,988
2.5,75,2,car,0.755,1246,802,1317,851
2.5,75,2,car,0.726,193,773,437,895
2.5,75,2,car,0.537,1489,807,1567,871
2.5,75,9,traffic light,0.504,602,0,659,140
2.5,75,2,car,0.499,1367,809,1435,856
2.5,75,2,car,0.461,1311,787,1379,847
2.533,76,2,car,0.869,1630,808,1995,989
2.533,76,2,car,0.777,222,772,456,895
2.533,76,2,car,0.737,1250,802,1318,852
2.533,76,9,traffic light,0.571,567,0,655,172
2.533,76,2,car,0.561,1488,808,1567,873
2.533,76,2,car,0.471,1367,810,1436,858
2.533,76,2,car,0.454,1311,787,1380,848
2.533,76,2,car,0.427,1559,809,1672,893
2.567,77,2,car,0.868,1630,809,1995,990
2.567,77,2,car,0.779,222,772,456,894
2.567,77,2,car,0.736,1250,802,1318,852
2.567,77,2,car,0.559,1488,809,1567,873
2.567,77,9,traffic light,0.516,567,0,653,171
2.567,77,2,car,0.463,1369,810,1435,859
2.567,77,2,car,0.44,1558,809,1672,894
2.567,77,2,car,0.429,1311,787,1381,848
2.6,78,2,car,0.853,1635,803,2019,990
2.6,78,2,car,0.827,151,771,414,896
2.6,78,2,car,0.669,1248,799,1315,847
2.6,78,2,car,0.595,0,757,107,885
2.6,78,2,car,0.511,1491,803,1571,864
2.6,78,2,car,0.5,1369,805,1433,853
2.633,79,2,car,0.853,1635,803,2019,990
2.633,79,2,car,0.827,151,771,414,897
2.633,79,2,car,0.664,1248,799,1315,847
2.633,79,2,car,0.59,0,758,106,885
2.633,79,2,car,0.525,1491,803,1571,864
2.633,79,2,car,0.504,1369,805,1433,853
2.633,79,2,car,0.43,1572,801,1680,889
2.667,80,2,car,0.849,1635,803,2019,990
2.667,80,2,car,0.827,150,771,414,897
2.667,80,2,car,0.664,1249,799,1315,847
2.667,80,2,car,0.557,0,755,106,886
2.667,80,2,car,0.531,1491,803,1571,864
2.667,80,2,car,0.499,1369,806,1433,853
2.667,80,2,car,0.439,1571,801,1680,889
2.7,81,2,car,0.896,1636,803,2024,990
2.7,81,2,car,0.845,129,770,396,896
2.7,81,2,car,0.785,0,767,92,881
2.7,81,2,car,0.669,1248,797,1315,847
2.7,81,2,car,0.625,1566,799,1679,887
2.7,81,2,car,0.576,1368,803,1432,853
2.7,81,2,car,0.543,1493,803,1572,864
2.733,82,2,car,0.928,1638,800,2037,991
2.733,82,2,car,0.843,76,768,354,903
2.733,82,2,car,0.609,0,768,63,880
2.733,82,2,car,0.551,1367,799,1432,852
2.733,82,2,car,0.55,1490,798,1574,864
2.733,82,2,car,0.529,1242,792,1314,844
2.733,82,2,car,0.482,1560,796,1684,885
2.767,83,2,car,0.92,1642,795,2051,994
2.767,83,2,car,0.829,11,762,317,902
2.767,83,2,car,0.591,1239,791,1312,843
2.767,83,2,car,0.523,1365,798,1434,850
2.767,83,2,car,0.501,1493,797,1579,863
2.767,83,2,car,0.436,1570,798,1692,889
2.8,84,2,car,0.919,1642,796,2051,994
2.8,84,2,car,0.83,11,762,317,902
2.8,84,2,car,0.592,1239,791,1312,843
2.8,84,2,car,0.521,1365,798,1434,850
2.8,84,2,car,0.502,1493,797,1579,863
2.8,84,2,car,0.435,1570,798,1692,889
2.833,85,2,car,0.861,1649,795,2075,997
2.833,85,2,car,0.6,1497,797,1581,863
2.833,85,2,car,0.556,1239,792,1311,842
2.833,85,2,car,0.51,1366,797,1436,850
2.833,85,2,car,0.471,0,758,137,908
2.833,85,2,car,0.41,1567,798,1692,891
2.867,86,2,car,0.861,1649,795,2074,997
2.867,86,2,car,0.595,1497,797,1581,863
2.867,86,2,car,0.535,1239,794,1311,842
2.867,86,2,car,0.501,1366,797,1436,851
2.867,86,2,car,0.5,0,758,137,908
2.867,86,2,car,0.404,1568,799,1694,891
2.9,87,2,car,0.918,1651,795,2086,1003
2.9,87,2,car,0.767,0,753,200,909
2.9,87,2,car,0.555,1240,794,1309,842
2.9,87,2,car,0.526,1366,796,1437,850
2.9,87,2,car,0.504,1499,796,1585,864
2.9,87,2,car,0.424,1581,792,1766,891
2.933,88,2,car,0.918,1651,794,2086,1003
2.933,88,2,car,0.768,0,753,200,909
2.933,88,2,car,0.554,1240,794,1309,842
2.933,88,2,car,0.527,1366,796,1437,850
2.933,88,2,car,0.5,1499,796,1585,864
2.933,88,2,car,0.419,1582,792,1765,891
2.967,89,2,car,0.913,1657,793,2105,1011
2.967,89,2,car,0.754,0,747,150,911
2.967,89,2,car,0.601,1501,795,1594,864
2.967,89,2,car,0.526,1237,789,1307,842
2.967,89,2,car,0.465,1367,794,1438,850
3.0,90,2,car,0.913,1657,793,2105,1011
3.0,90,2,car,0.758,0,747,151,910
3.0,90,2,car,0.588,1500,796,1594,864
3.0,90,2,car,0.538,1236,788,1307,841
3.0,90,2,car,0.464,1368,795,1438,848
3.033,91,2,car,0.91,1656,794,2105,1011
3.033,91,2,car,0.765,0,747,150,910
3.033,91,2,car,0.607,1500,796,1594,864
3.033,91,2,car,0.562,1238,788,1307,841
3.033,91,2,car,0.454,1368,795,1438,849
3.067,92,2,car,0.881,1665,791,2132,1017
3.067,92,2,car,0.563,1238,790,1305,839
3.067,92,2,car,0.527,1507,795,1592,863
3.067,92,2,car,0.469,1587,819,1686,892
3.067,92,2,car,0.428,1370,794,1438,846
3.1,93,2,car,0.881,1662,792,2132,1018
3.1,93,2,car,0.573,1238,791,1305,839
3.1,93,2,car,0.541,1506,795,1592,863
3.1,93,2,car,0.482,1587,818,1685,892
3.1,93,2,car,0.427,1370,794,1439,846
3.133,94,2,car,0.882,1662,792,2132,1018
3.133,94,2,car,0.573,1238,791,1305,839
3.133,94,2,car,0.548,1506,795,1592,863
3.133,94,2,car,0.483,1587,818,1685,892
3.133,94,2,car,0.423,1370,794,1439,846
3.167,95,2,car,0.882,1662,792,2132,1018
3.167,95,2,car,0.573,1238,791,1305,839
3.167,95,2,car,0.548,1506,795,1592,863
3.167,95,2,car,0.481,1587,818,1685,892
3.167,95,2,car,0.423,1370,794,1439,846
3.2,96,2,car,0.892,1665,789,2142,1021
3.2,96,2,car,0.61,1508,794,1593,864
3.2,96,2,car,0.526,1238,789,1306,840
3.2,96,2,car,0.451,1373,795,1440,845
3.233,97,2,car,0.904,1676,789,2160,1025
3.233,97,2,car,0.613,1515,794,1600,864
3.233,97,2,car,0.508,1237,788,1305,839
3.233,97,2,car,0.44,1373,795,1440,844
3.233,97,2,car,0.422,1600,794,1750,893
3.267,98,2,car,0.904,1676,789,2160,1025
3.267,98,2,car,0.613,1515,794,1600,864
3.267,98,2,car,0.508,1237,788,1305,839
3.267,98,2,car,0.44,1373,795,1440,844
3.267,98,2,car,0.423,1600,794,1750,893
3.3,99,2,car,0.912,1688,788,2204,1041
3.3,99,2,car,0.61,1513,793,1606,866
3.3,99,2,car,0.55,1238,789,1303,839
3.3,99,2,car,0.45,1375,795,1442,845
3.333,100,2,car,0.912,1688,788,2204,1041
3.333,100,2,car,0.61,1513,793,1606,866
3.333,100,2,car,0.55,1238,789,1303,839
3.333,100,2,car,0.45,1375,795,1442,845
3.367,101,2,car,0.913,1692,790,2218,1042
3.367,101,2,car,0.628,1514,791,1610,866
3.367,101,2,car,0.567,1237,788,1305,838
3.367,101,2,car,0.486,1375,796,1443,845
3.367,101,2,car,0.418,1608,793,1764,895
3.4,102,2,car,0.914,1692,790,2218,1042
3.4,102,2,car,0.628,1514,791,1610,866
3.4,102,2,car,0.567,1237,788,1305,838
3.4,102,2,car,0.488,1375,796,1443,845
3.4,102,2,car,0.418,1608,793,1764,895
3.433,103,2,car,0.905,1698,790,2222,1050
3.433,103,2,car,0.641,1516,793,1610,868
3.433,103,2,car,0.548,1236,788,1302,840
3.433,103,2,car,0.529,1376,796,1444,846
3.433,103,2,car,0.414,475,761,606,828
3.467,104,2,car,0.905,1698,790,2222,1050
3.467,104,2,car,0.64,1516,794,1610,868
3.467,104,2,car,0.549,1236,788,1302,840
3.467,104,2,car,0.529,1376,796,1444,846
3.467,104,2,car,0.403,476,761,605,828
3.5,105,2,car,0.917,1704,795,2223,1058
3.5,105,2,car,0.599,1522,795,1618,871
3.5,105,2,car,0.517,1234,787,1306,841
3.5,105,2,car,0.485,477,765,594,829
3.5,105,2,car,0.418,1378,796,1446,849
3.5,105,2,car,0.413,1615,820,1706,899
3.533,106,2,car,0.919,1704,794,2223,1058
3.533,106,2,car,0.596,1522,795,1618,871
3.533,106,2,car,0.511,1235,786,1306,841
3.533,106,2,car,0.457,477,765,594,829
3.533,106,2,car,0.414,1615,820,1704,899
3.533,106,2,car,0.41,1378,796,1446,848
3.567,107,2,car,0.891,1708,794,2223,1069
3.567,107,2,car,0.616,1526,795,1620,875
3.567,107,2,car,0.557,1378,798,1447,851
3.567,107,2,car,0.493,344,767,468,833
3.567,107,2,car,0.486,1237,787,1308,843
3.6,108,2,car,0.842,1711,797,2223,1076
3.6,108,2,car,0.631,318,763,459,831
3.6,108,2,car,0.536,1526,794,1622,874
3.6,108,2,car,0.512,1378,798,1447,852
3.6,108,2,car,0.444,1236,788,1307,843
3.6,108,2,car,0.431,1627,823,1731,908
3.633,109,2,car,0.85,1726,801,2222,1092
3.633,109,2,car,0.671,1528,792,1630,879
3.633,109,2,car,0.639,439,769,530,843
3.633,109,2,car,0.631,298,767,446,835
3.633,109,2,car,0.549,1634,819,1727,912
3.633,109,2,car,0.534,1232,788,1304,844
3.633,109,2,car,0.479,1379,802,1448,852
3.667,110,2,car,0.868,1730,801,2222,1090
3.667,110,2,car,0.696,1528,793,1631,880
3.667,110,2,car,0.625,80,749,251,859
3.667,110,2,car,0.542,1232,789,1303,844
3.667,110,2,car,0.513,1380,803,1449,853
3.667,110,2,car,0.49,248,757,310,833
3.667,110,2,car,0.467,289,769,432,838
3.667,110,2,car,0.447,418,771,524,843
3.667,110,2,car,0.407,1644,805,1815,919
3.7,111,2,car,0.867,1730,800,2222,1090
3.7,111,2,car,0.695,1528,793,1631,880
3.7,111,2,car,0.614,74,749,251,859
3.7,111,2,car,0.538,1232,789,1304,844
3.7,111,2,car,0.51,1380,803,1449,853
3.7,111,2,car,0.484,248,757,310,833
3.7,111,2,car,0.466,289,769,433,838
3.7,111,2,car,0.424,1644,805,1817,919
3.733,112,2,car,0.871,1730,801,2222,1090
3.733,112,2,car,0.697,1528,794,1631,880
3.733,112,2,car,0.613,71,749,251,860
3.733,112,2,car,0.536,1232,789,1304,844
3.733,112,2,car,0.504,1380,803,1449,853
3.733,112,2,car,0.474,248,757,310,833
3.733,112,2,car,0.458,289,769,433,838
3.733,112,2,car,0.427,1644,805,1819,919
3.767,113,2,car,0.871,1734,800,2222,1094
3.767,113,2,car,0.621,1532,798,1630,880
3.767,113,2,car,0.613,227,757,299,837
3.767,113,2,car,0.595,11,749,232,875
3.767,113,2,car,0.53,296,762,424,839
3.767,113,2,car,0.525,1381,804,1450,853
3.767,113,2,car,0.522,1232,789,1303,845
3.767,113,2,car,0.408,1641,821,1725,912
3.8,114,2,car,0.915,1744,801,2222,1105
3.8,114,2,car,0.651,181,760,285,840
3.8,114,2,car,0.632,1653,807,1821,922
3.8,114,2,car,0.631,0,747,188,875
3.8,114,2,car,0.614,359,774,483,848
3.8,114,2,car,0.558,1381,805,1450,853
3.8,114,2,car,0.539,1231,788,1303,845
3.8,114,2,car,0.467,1537,796,1638,881
3.833,115,2,car,0.902,1744,801,2222,1105
3.833,115,2,car,0.649,180,760,284,840
3.833,115,2,car,0.628,0,747,188,878
3.833,115,2,car,0.614,1653,808,1823,922
3.833,115,2,car,0.589,360,774,483,848
3.833,115,2,car,0.533,1381,806,1450,853
3.833,115,2,car,0.525,1231,788,1302,845
3.833,115,2,car,0.483,1537,795,1638,880
3.833,115,7,truck,0.412,1537,793,1639,881
3.867,116,2,car,0.914,1759,798,2223,1116
3.867,116,2,car,0.685,4,746,107,883
3.867,116,2,car,0.671,1538,795,1648,882
3.867,116,2,car,0.669,1669,805,1849,924
3.867,116,2,car,0.615,301,776,444,848
3.867,116,2,car,0.58,100,755,257,843
3.867,116,2,car,0.557,251,759,360,834
3.867,116,2,car,0.535,1229,787,1302,846
3.867,116,2,car,0.479,1382,804,1452,853
3.867,116,2,car,0.405,250,760,428,841
3.9,117,2,car,0.913,1759,797,2223,1117
3.9,117,2,car,0.694,1669,806,1849,924
3.9,117,2,car,0.667,1537,795,1648,882
3.9,117,2,car,0.655,4,747,107,884
3.9,117,2,car,0.617,301,775,444,847
3.9,117,2,car,0.577,99,755,257,843
3.9,117,2,car,0.547,251,759,360,834
3.9,117,2,car,0.543,1229,787,1301,845
3.9,117,2,car,0.478,1382,805,1451,853
3.9,117,2,car,0.403,250,759,434,841
3.933,118,2,car,0.916,1769,797,2223,1124
3.933,118,2,car,0.63,245,767,411,849
3.933,118,2,car,0.579,38,750,244,847
3.933,118,2,car,0.566,1540,792,1653,882
3.933,118,2,car,0.52,1383,802,1453,853
3.933,118,2,car,0.511,1230,787,1303,846
3.933,118,2,car,0.497,1677,803,1871,928
3.933,118,2,car,0.434,1293,784,1358,846
3.967,119,2,car,0.919,1768,797,2222,1125
3.967,119,2,car,0.672,211,765,369,849
3.967,119,2,car,0.651,5,752,219,851
3.967,119,2,car,0.557,1229,787,1303,846
3.967,119,2,car,0.553,1677,804,1871,928
3.967,119,2,car,0.509,1384,802,1455,853
3.967,119,2,car,0.506,1547,791,1653,885
4.0,120,2,car,0.92,1768,797,2222,1125
4.0,120,2,car,0.673,211,765,369,849
4.0,120,2,car,0.653,5,752,219,851
4.0,120,2,car,0.552,1229,787,1303,846
4.0,120,2,car,0.551,1677,804,1871,928
4.0,120,2,car,0.517,1384,802,1455,853
4.0,120,2,car,0.503,1547,792,1653,885
4.033,121,2,car,0.92,1768,797,2222,1125
4.033,121,2,car,0.677,211,765,369,849
4.033,121,2,car,0.648,5,752,219,851
4.033,121,2,car,0.553,1229,787,1303,846
4.033,121,2,car,0.55,1677,804,1871,928
4.033,121,2,car,0.518,1384,802,1455,853
4.033,121,2,car,0.502,1547,792,1653,885
4.067,122,2,car,0.913,1792,790,2222,1151
4.067,122,2,car,0.744,148,764,319,858
4.067,122,2,car,0.688,1698,808,1872,931
4.067,122,2,car,0.609,1549,788,1668,886
4.067,122,2,car,0.604,2,749,197,847
4.067,122,2,car,0.599,1227,786,1302,846
4.067,122,2,car,0.534,1383,802,1456,854
4.1,123,2,car,0.909,1806,794,2223,1170
4.1,123,2,car,0.706,1553,790,1674,889
4.1,123,2,car,0.669,89,770,264,860
4.1,123,2,car,0.647,3,749,174,845
4.1,123,2,car,0.627,1224,785,1302,846
4.1,123,2,car,0.517,1383,802,1456,853
4.1,123,2,car,0.401,1709,806,1881,934
4.133,124,2,car,0.915,1806,794,2223,1170
4.133,124,2,car,0.672,1554,790,1675,889
4.133,124,2,car,0.658,85,770,265,860
4.133,124,2,car,0.626,1224,785,1302,846
4.133,124,2,car,0.62,2,748,172,844
4.133,124,2,car,0.519,1383,802,1456,853
4.133,124,2,car,0.417,1709,807,1883,934
4.167,125,2,car,0.911,1806,793,2223,1170
4.167,125,2,car,0.665,1554,790,1674,889
4.167,125,2,car,0.635,85,771,265,861
4.167,125,2,car,0.628,1224,785,1302,846
4.167,125,2,car,0.626,2,748,173,844
4.167,125,2,car,0.518,1383,802,1456,853
4.2,126,2,car,0.91,1806,793,2223,1170
4.2,126,2,car,0.674,1554,790,1674,889
4.2,126,2,car,0.631,86,771,265,860
4.2,126,2,car,0.629,1224,785,1302,846
4.2,126,2,car,0.625,2,748,173,844
4.2,126,2,car,0.518,1384,802,1456,853
4.233,127,2,car,0.878,1811,794,2222,1172
4.233,127,2,car,0.708,1556,789,1676,889
4.233,127,2,car,0.678,0,748,154,859
4.233,127,2,car,0.625,1224,785,1302,846
4.233,127,2,car,0.493,1384,801,1456,853
4.233,127,2,car,0.459,1715,806,1884,935
4.233,127,2,car,0.406,67,778,235,872
4.267,128,2,car,0.869,1827,795,2222,1174
4.267,128,2,car,0.687,1565,794,1687,893
4.267,128,2,car,0.59,1219,785,1299,847
4.267,128,2,car,0.506,0,790,154,875
4.267,128,2,car,0.455,1384,801,1458,855
4.267,128,2,car,0.405,1724,814,1851,938
4.3,129,2,car,0.871,1827,795,2222,1174
4.3,129,2,car,0.685,1565,794,1687,893
4.3,129,2,car,0.588,1219,785,1299,847
4.3,129,2,car,0.514,0,790,154,875
4.3,129,2,car,0.463,1383,801,1458,855
4.3,129,2,car,0.402,1454,797,1518,857
4.333,130,2,car,0.865,1850,795,2222,1188
4.333,130,2,car,0.478,1742,807,1945,947
4.333,130,2,car,0.476,1566,789,1703,893
4.333,130,2,car,0.457,1383,800,1460,856
4.333,130,2,car,0.45,1219,784,1298,848
4.367,131,2,car,0.879,1859,795,2222,1178
4.367,131,2,car,0.559,1569,791,1707,894
4.367,131,2,car,0.49,1217,784,1297,848
4.367,131,2,car,0.456,1383,801,1460,855
4.367,131,2,car,0.427,1455,795,1517,858
4.4,132,2,car,0.874,1859,794,2222,1178
4.4,132,2,car,0.552,1570,791,1707,894
4.4,132,2,car,0.488,1217,784,1297,848
4.4,132,2,car,0.466,1383,801,1460,855
4.4,132,2,car,0.421,1455,795,1517,858
4.433,133,2,car,0.904,1865,796,2222,1179
4.433,133,2,car,0.579,160,754,275,839
4.433,133,2,car,0.568,1572,795,1705,894
4.433,133,2,car,0.517,1216,784,1297,848
4.433,133,2,car,0.488,1753,807,1981,951
4.433,133,2,car,0.479,1383,802,1460,854
4.433,133,2,car,0.468,1456,795,1518,858
4.467,134,2,car,0.887,1886,800,2223,1178
4.467,134,2,car,0.789,104,750,250,842
4.467,134,2,car,0.621,1763,810,2001,959
4.467,134,2,car,0.588,1577,797,1710,895
4.467,134,2,car,0.531,1215,785,1298,848
4.467,134,2,car,0.402,1384,803,1460,855
4.5,135,2,car,0.887,1886,800,2223,1178
4.5,135,2,car,0.793,104,750,249,842
4.5,135,2,car,0.62,1763,809,2001,959
4.5,135,2,car,0.591,1577,797,1710,895
4.5,135,2,car,0.529,1215,785,1298,848
4.533,136,2,car,0.828,1913,796,2223,1182
4.533,136,2,car,0.784,21,751,223,840
4.533,136,2,car,0.529,1210,786,1297,850
4.533,136,2,car,0.508,1585,797,1720,900
4.533,136,2,car,0.502,1787,825,2030,965
4.533,136,0,person,0.483,1884,798,1949,960
4.567,137,2,car,0.814,1914,796,2223,1181
4.567,137,2,car,0.78,21,751,221,840
4.567,137,2,car,0.517,1210,785,1297,850
4.567,137,0,person,0.509,1883,798,1949,961
4.567,137,2,car,0.484,1585,797,1719,900
4.567,137,2,car,0.455,1789,813,2027,966
4.6,138,2,car,0.825,1914,796,2223,1182
4.6,138,2,car,0.777,20,751,219,840
4.6,138,0,person,0.536,1882,798,1949,963
4.6,138,2,car,0.519,1210,786,1297,850
4.6,138,2,car,0.484,1586,797,1719,899
4.6,138,2,car,0.446,1788,815,2026,966
4.6,138,2,car,0.413,1385,805,1461,857
4.633,139,2,car,0.842,1948,805,2222,1196
4.633,139,0,person,0.61,1884,795,1971,985
4.633,139,2,car,0.497,1215,787,1296,851
4.633,139,2,car,0.447,1809,797,2060,968
4.633,139,2,car,0.437,1591,796,1733,902
4.667,140,2,car,0.836,1958,813,2223,1200
4.667,140,2,car,0.56,1594,798,1738,903
4.667,140,2,car,0.523,1213,787,1297,852
4.667,140,0,person,0.456,1875,796,1977,985
4.667,140,2,car,0.42,1385,809,1465,860
4.7,141,2,car,0.84,1958,813,2223,1199
4.7,141,2,car,0.564,1594,799,1738,903
4.7,141,2,car,0.533,1213,787,1297,852
4.7,141,0,person,0.472,1867,796,1977,985
4.7,141,2,car,0.449,1385,809,1466,861
4.733,142,2,car,0.824,1978,829,2222,1203
4.733,142,2,car,0.597,1207,788,1298,854
4.733,142,2,car,0.54,1834,818,2121,991
4.733,142,0,person,0.493,1912,800,1999,991
4.733,142,2,car,0.481,1630,802,1746,909
4.733,142,2,car,0.418,1384,809,1464,862
4.767,143,2,car,0.86,1994,840,2223,1208
4.767,143,2,car,0.6,1209,787,1293,853
4.767,143,0,person,0.493,1911,801,2004,998
4.767,143,2,car,0.481,1840,814,2131,998
4.767,143,2,car,0.416,1618,800,1754,911
4.8,144,2,car,0.86,1994,840,2223,1208
4.8,144,2,car,0.601,1209,787,1293,853
4.8,144,0,person,0.501,1911,801,2004,998
4.8,144,2,car,0.481,1840,815,2130,998
4.8,144,2,car,0.419,1617,800,1754,911
4.833,145,2,car,0.86,1994,840,2223,1208
4.833,145,2,car,0.6,1209,787,1293,853
4.833,145,0,person,0.505,1911,801,2004,998
4.833,145,2,car,0.482,1840,815,2130,998
4.833,145,2,car,0.418,1617,800,1754,911
4.867,146,2,car,0.858,2005,852,2223,1204
4.867,146,2,car,0.609,1854,839,2157,1007
4.867,146,2,car,0.582,1208,788,1290,853
4.867,146,2,car,0.555,1603,801,1758,910
4.867,146,0,person,0.513,1931,800,2011,1000
4.867,146,2,car,0.467,440,778,547,848
4.867,146,2,car,0.427,1384,811,1468,865
4.9,147,2,car,0.749,2050,885,2223,1212
4.9,147,2,car,0.671,1610,801,1773,917
4.9,147,2,car,0.566,331,776,491,857
4.9,147,2,car,0.501,1385,811,1470,869
4.9,147,2,car,0.49,1871,844,2214,1018
4.933,148,2,car,0.748,2050,885,2223,1212
4.933,148,2,car,0.672,1611,801,1773,917
4.933,148,2,car,0.56,331,776,491,857
4.933,148,2,car,0.502,1385,811,1470,869
4.933,148,2,car,0.488,1871,844,2214,1018
4.967,149,2,car,0.755,2051,886,2223,1212
4.967,149,2,car,0.666,1611,802,1773,917
4.967,149,2,car,0.548,330,776,492,858
4.967,149,2,car,0.511,1385,811,1470,869
4.967,149,2,car,0.486,1870,844,2214,1018
5.0,150,2,car,0.78,2082,944,2223,1210
5.0,150,2,car,0.752,1898,843,2223,1026
5.0,150,2,car,0.69,1638,806,1782,920
5.0,150,2,car,0.521,1385,812,1469,869
5.033,151,2,car,0.78,2082,944,2223,1210
5.033,151,2,car,0.751,1898,844,2223,1026
5.033,151,2,car,0.684,1640,806,1783,920
5.033,151,2,car,0.516,1385,812,1470,869
5.067,152,2,car,0.725,1619,805,1790,921
5.067,152,2,car,0.714,2100,954,2223,1202
5.067,152,2,car,0.538,1384,812,1470,870
5.067,152,2,car,0.514,1907,840,2223,1032
5.1,153,2,car,0.691,1957,847,2223,1038
5.1,153,2,car,0.602,1629,799,1815,923
5.1,153,2,car,0.549,1385,812,1471,870
5.1,153,0,person,0.517,1978,794,2094,1023
5.1,153,0,person,0.497,2029,796,2093,1009
5.1,153,0,person,0.46,323,756,366,837
5.1,153,1,bicycle,0.424,1966,888,2108,1034
5.133,154,2,car,0.693,1957,847,2223,1038
5.133,154,2,car,0.589,1629,798,1815,923
5.133,154,2,car,0.563,1385,812,1470,870
5.133,154,0,person,0.524,1978,795,2093,1022
5.133,154,0,person,0.472,2029,797,2093,1006
5.133,154,2,car,0.431,1195,793,1284,859
5.133,154,1,bicycle,0.426,1965,886,2109,1034
5.133,154,0,person,0.426,324,756,367,837
5.133,154,7,truck,0.408,1631,799,1818,925
5.133,154,2,car,0.404,111,780,321,886
5.167,155,2,car,0.727,1972,839,2223,1041
5.167,155,2,car,0.678,1651,801,1820,924
5.167,155,2,car,0.562,1385,812,1472,870
5.167,155,0,person,0.448,1999,801,2110,1015
5.167,155,2,car,0.444,1194,793,1283,859
5.167,155,2,car,0.436,1274,790,1341,857
5.2,156,2,car,0.725,1972,839,2223,1041
5.2,156,2,car,0.681,1650,801,1820,924
5.2,156,2,car,0.566,1385,812,1472,870
5.2,156,0,person,0.446,1999,801,2110,1015
5.2,156,2,car,0.444,1194,793,1283,859
5.2,156,2,car,0.439,1274,790,1341,857
5.233,157,2,car,0.653,1643,798,1826,925
5.233,157,2,car,0.625,1386,811,1473,870
5.233,157,2,car,0.594,1990,844,2223,1042
5.233,157,2,car,0.593,1188,793,1281,860
5.233,157,2,car,0.56,0,776,248,896
5.233,157,0,person,0.502,2012,792,2127,1017
5.233,157,0,person,0.456,2041,795,2127,969
5.233,157,0,person,0.455,358,768,391,865
5.233,157,7,truck,0.448,1645,798,1826,926
5.233,157,2,car,0.427,1271,790,1338,856
5.233,157,2,car,0.4,642,753,725,826
5.267,158,2,car,0.787,0,773,199,901
5.267,158,2,car,0.693,1643,799,1832,925
5.267,158,2,car,0.653,1386,810,1473,869
5.267,158,2,car,0.622,1186,790,1281,858
5.267,158,2,car,0.614,634,751,716,823
5.267,158,2,car,0.523,1271,788,1337,855
5.267,158,0,person,0.481,2023,794,2140,1023
5.267,158,2,car,0.479,1998,848,2223,1054
5.267,158,0,person,0.442,2042,798,2140,973
5.3,159,2,car,0.784,0,773,199,901
5.3,159,2,car,0.688,1642,799,1832,925
5.3,159,2,car,0.653,1386,810,1473,869
5.3,159,2,car,0.618,1187,790,1281,858
5.3,159,2,car,0.61,634,751,716,823
5.3,159,2,car,0.521,1271,788,1337,855
5.3,159,0,person,0.475,2022,795,2140,1023
5.3,159,2,car,0.47,1998,848,2223,1054
5.3,159,0,person,0.428,2041,799,2140,971
5.333,160,2,car,0.738,0,775,125,886
5.333,160,2,car,0.692,1386,810,1472,870
5.333,160,2,car,0.632,1185,790,1279,859
5.333,160,2,car,0.6,1269,787,1335,852
5.333,160,2,car,0.578,1653,795,1845,927
5.333,160,0,person,0.515,2045,792,2167,1026
5.333,160,7,truck,0.507,1652,793,1845,930
5.367,161,2,car,0.736,0,774,125,886
5.367,161,2,car,0.685,1386,810,1472,870
5.367,161,2,car,0.637,1184,790,1279,859
5.367,161,2,car,0.6,1652,795,1845,927
5.367,161,2,car,0.592,1269,788,1340,855
5.367,161,0,person,0.525,2046,791,2167,1026
5.367,161,7,truck,0.5,1651,793,1845,930
5.4,162,2,car,0.698,1185,793,1277,860
5.4,162,2,car,0.683,1665,799,1858,932
5.4,162,2,car,0.652,1386,809,1473,871
5.4,162,2,car,0.609,1268,787,1334,854
5.4,162,2,car,0.583,3,774,143,865
5.4,162,3,motorcycle,0.57,2069,899,2185,1052
5.4,162,2,car,0.475,592,749,746,836
5.4,162,2,car,0.453,1467,799,1549,872
5.433,163,2,car,0.697,1185,793,1277,860
5.433,163,2,car,0.682,1665,799,1858,932
5.433,163,2,car,0.651,1386,809,1473,871
5.433,163,2,car,0.609,1268,787,1335,854
5.433,163,2,car,0.58,3,774,143,865
5.433,163,3,motorcycle,0.569,2069,899,2185,1052
5.433,163,2,car,0.473,593,749,746,836
5.433,163,2,car,0.449,1467,799,1548,872
5.467,164,2,car,0.71,1184,793,1275,862
5.467,164,0,person,0.706,306,760,357,882
5.467,164,2,car,0.688,0,762,113,866
5.467,164,2,car,0.663,1386,809,1474,872
5.467,164,2,car,0.639,1689,799,1871,938
5.467,164,2,car,0.595,572,746,730,842
5.467,164,2,car,0.522,1265,786,1332,857
5.467,164,3,motorcycle,0.478,2085,894,2222,1063
5.467,164,2,car,0.449,1468,799,1545,872
5.5,165,2,car,0.71,1184,793,1275,862
5.5,165,0,person,0.704,306,760,357,881
5.5,165,2,car,0.685,0,762,113,867
5.5,165,2,car,0.663,1386,809,1474,872
5.5,165,2,car,0.637,1690,799,1871,938
5.5,165,2,car,0.591,570,745,729,842
5.5,165,2,car,0.518,1265,786,1332,857
5.5,165,3,motorcycle,0.483,2085,894,2222,1063
5.5,165,2,car,0.447,1468,799,1545,872
5.533,166,2,car,0.711,1184,793,1275,862
5.533,166,0,person,0.704,306,760,357,881
5.533,166,2,car,0.687,0,762,113,867
5.533,166,2,car,0.661,1386,809,1474,872
5.533,166,2,car,0.639,1693,799,1871,938
5.533,166,2,car,0.585,570,745,730,842
5.533,166,2,car,0.519,1265,786,1332,857
5.533,166,3,motorcycle,0.479,2085,894,2222,1063
5.533,166,2,car,0.452,1468,799,1545,872
5.567,167,2,car,0.784,532,744,712,845
5.567,167,2,car,0.645,1386,810,1477,877
5.567,167,2,car,0.641,1179,797,1274,865
5.567,167,2,car,0.587,1265,789,1340,860
5.567,167,2,car,0.447,0,773,51,870
5.567,167,0,person,0.446,228,764,275,871
5.567,167,0,person,0.433,1983,812,2028,902
5.567,167,2,car,0.429,1686,797,1902,939
5.6,168,2,car,0.783,532,744,712,845
5.6,168,2,car,0.643,1386,811,1477,877
5.6,168,2,car,0.642,1179,797,1275,865
5.6,168,2,car,0.589,1264,788,1331,860
5.6,168,0,person,0.457,228,763,275,871
5.6,168,2,car,0.449,0,773,50,870
5.6,168,0,person,0.449,1984,811,2028,903
5.6,168,2,car,0.433,1686,797,1902,939
5.633,169,2,car,0.748,0,776,83,874
5.633,169,2,car,0.676,1179,798,1276,864
5.633,169,2,car,0.659,1386,810,1475,876
5.633,169,2,car,0.612,1264,789,1343,860
5.633,169,2,car,0.6,540,744,717,840
5.633,169,2,car,0.548,1679,797,1895,938
5.633,169,0,person,0.431,279,771,326,859
5.633,169,2,car,0.424,481,748,717,845
5.667,170,2,car,0.746,0,776,84,874
5.667,170,2,car,0.669,1180,798,1276,863
5.667,170,2,car,0.64,1386,810,1475,876
5.667,170,2,car,0.602,1264,790,1342,860
5.667,170,2,car,0.589,540,744,718,841
5.667,170,2,car,0.544,1680,797,1896,938
5.667,170,0,person,0.441,279,771,328,859
5.667,170,2,car,0.408,1471,799,1547,875
5.7,171,2,car,0.694,471,742,692,852
5.7,171,2,car,0.643,1180,796,1275,865
5.7,171,0,person,0.609,206,759,255,884
5.7,171,2,car,0.6,1386,809,1479,877
5.7,171,2,car,0.545,1264,789,1329,860
5.7,171,2,car,0.416,2072,847,2176,914
5.733,172,2,car,0.634,1176,796,1273,865
5.733,172,2,car,0.583,2068,847,2204,919
5.733,172,2,car,0.582,1387,808,1481,877
5.733,172,2,car,0.545,1263,789,1329,860
5.733,172,2,car,0.536,463,741,678,840
5.767,173,2,car,0.67,1176,796,1272,866
5.767,173,2,car,0.572,1387,807,1484,877
5.767,173,2,car,0.571,2074,836,2214,918
5.767,173,2,car,0.547,455,744,674,857
5.767,173,2,car,0.528,1262,789,1328,859
5.767,173,2,car,0.517,1712,796,1943,952
5.767,173,0,person,0.493,243,772,280,887
5.8,174,2,car,0.671,1176,796,1272,866
5.8,174,2,car,0.573,2074,836,2214,918
5.8,174,2,car,0.571,1387,807,1484,877
5.8,174,2,car,0.546,455,744,674,858
5.8,174,2,car,0.527,1263,789,1328,859
5.8,174,2,car,0.52,1712,796,1943,952
5.8,174,0,person,0.499,243,772,280,887
5.833,175,2,car,0.713,2108,832,2223,920
5.833,175,2,car,0.644,1177,796,1273,867
5.833,175,2,car,0.61,1387,809,1487,878
5.833,175,7,truck,0.591,1730,796,1980,961
5.833,175,2,car,0.563,1261,788,1328,859
5.833,175,0,person,0.464,163,767,214,896
5.867,176,2,car,0.715,2108,831,2223,920
5.867,176,2,car,0.642,1177,796,1273,868
5.867,176,2,car,0.61,1387,809,1487,878
5.867,176,7,truck,0.586,1730,796,1980,961
5.867,176,2,car,0.558,1261,788,1328,859
5.867,176,0,person,0.463,163,767,214,895
5.9,177,2,car,0.713,2108,831,2223,920
5.9,177,2,car,0.643,1177,796,1274,868
5.9,177,2,car,0.611,1387,809,1487,878
5.9,177,7,truck,0.587,1730,796,1980,961
5.9,177,2,car,0.568,1261,788,1329,859
5.9,177,0,person,0.467,163,767,214,896
5.933,178,2,car,0.665,1178,796,1272,867
5.933,178,2,car,0.659,2130,835,2223,922
5.933,178,2,car,0.586,1740,795,1999,964
5.933,178,2,car,0.567,1387,808,1487,878
5.933,178,2,car,0.548,1260,788,1327,859
5.933,178,0,person,0.502,146,770,198,907
5.933,178,9,traffic light,0.487,1043,358,1106,506
5.933,178,0,person,0.452,2087,806,2143,955
5.933,178,7,truck,0.426,1741,794,1999,965
5.933,178,2,car,0.413,399,743,613,867
5.967,179,2,car,0.717,2140,838,2222,922
5.967,179,2,car,0.671,1176,798,1272,868
5.967,179,2,car,0.539,1751,795,2012,966
5.967,179,2,car,0.534,1389,807,1490,876
5.967,179,2,car,0.51,1260,788,1326,859
5.967,179,0,person,0.499,2099,810,2153,940
5.967,179,7,truck,0.495,1752,795,2012,969
5.967,179,2,car,0.404,373,742,613,871
6.0,180,2,car,0.718,2140,838,2222,922
6.0,180,2,car,0.671,1176,798,1272,867
6.0,180,2,car,0.54,1751,795,2011,966
6.0,180,2,car,0.533,1389,807,1490,876
6.0,180,2,car,0.513,1260,788,1326,859
6.0,180,0,person,0.503,2099,811,2153,940
6.0,180,7,truck,0.497,1752,795,2012,969
6.0,180,2,car,0.418,373,742,613,872
6.033,181,2,car,0.686,1172,800,1267,872
6.033,181,2,car,0.64,304,741,560,890
6.033,181,2,car,0.611,1391,807,1494,880
6.033,181,2,car,0.577,1775,794,2048,977
6.033,181,0,person,0.516,162,778,205,916
6.033,181,2,car,0.498,1255,788,1324,858
6.067,182,2,car,0.69,1172,800,1267,872
6.067,182,2,car,0.624,1392,808,1494,880
6.067,182,2,car,0.618,304,742,561,891
6.067,182,2,car,0.584,1775,794,2048,977
6.067,182,0,person,0.516,162,779,205,916
6.067,182,2,car,0.509,1255,788,1325,858
6.1,183,2,car,0.694,1172,800,1267,872
6.1,183,2,car,0.626,1392,808,1494,880
6.1,183,2,car,0.618,304,742,561,891
6.1,183,2,car,0.585,1775,794,2048,977
6.1,183,0,person,0.522,162,779,205,916
6.1,183,2,car,0.513,1255,788,1325,858
6.133,184,2,car,0.698,1172,800,1267,872
6.133,184,2,car,0.628,1392,808,1494,881
6.133,184,2,car,0.602,304,742,562,891
6.133,184,2,car,0.581,1775,794,2048,977
6.133,184,0,person,0.533,162,779,204,915
6.133,184,2,car,0.528,1255,788,1325,858
6.167,185,2,car,0.664,1173,801,1267,873
6.167,185,2,car,0.658,1784,795,2075,983
6.167,185,2,car,0.629,1391,807,1497,882
6.167,185,2,car,0.486,1254,788,1325,858
6.167,185,0,person,0.429,2131,817,2179,922
6.2,186,2,car,0.728,213,740,513,887
6.2,186,2,car,0.63,1171,803,1267,876
6.2,186,2,car,0.623,1800,795,2104,987
6.2,186,2,car,0.6,1395,810,1501,886
6.2,186,2,car,0.475,1253,788,1324,859
6.2,186,7,truck,0.41,1800,796,2102,990
6.233,187,2,car,0.731,213,740,513,885
6.233,187,2,car,0.629,1170,803,1268,876
6.233,187,2,car,0.613,1800,795,2105,987
6.233,187,2,car,0.606,1393,813,1500,885
6.233,187,2,car,0.485,1253,788,1325,858
6.233,187,7,truck,0.414,1800,795,2103,990
6.267,188,2,car,0.704,1167,806,1268,875
6.267,188,2,car,0.702,1816,794,2135,996
6.267,188,2,car,0.69,1396,812,1502,887
6.267,188,2,car,0.641,165,739,479,888
6.267,188,2,car,0.465,1251,789,1325,860
6.267,188,0,person,0.427,108,754,156,861
6.3,189,2,car,0.71,1167,806,1267,876
6.3,189,2,car,0.695,1396,812,1504,889
6.3,189,2,car,0.685,139,741,467,875
6.3,189,2,car,0.682,1822,793,2152,998
6.3,189,0,person,0.479,99,757,146,864
6.3,189,2,car,0.476,1251,791,1324,864
6.333,190,2,car,0.708,1168,806,1267,876
6.333,190,2,car,0.695,1396,812,1504,889
6.333,190,2,car,0.682,1822,793,2152,998
6.333,190,2,car,0.68,139,741,467,876
6.333,190,2,car,0.477,1251,791,1324,864
6.333,190,0,person,0.469,99,757,146,864
6.367,191,2,car,0.709,1848,793,2203,1005
6.367,191,2,car,0.674,1167,807,1265,878
6.367,191,2,car,0.656,1400,812,1509,891
6.367,191,2,car,0.62,43,737,418,906
6.367,191,0,person,0.545,13,774,56,862
6.367,191,2,car,0.483,1253,790,1326,865
6.4,192,2,car,0.71,1848,793,2203,1005
6.4,192,2,car,0.687,1400,812,1509,891
6.4,192,2,car,0.676,1167,806,1265,878
6.4,192,2,car,0.62,43,737,418,907
6.4,192,0,person,0.54,13,774,56,862
6.4,192,2,car,0.493,1253,790,1326,865
6.433,193,2,car,0.721,1848,793,2203,1005
6.433,193,2,car,0.685,1167,807,1265,878
6.433,193,2,car,0.683,1400,812,1509,891
6.433,193,2,car,0.637,42,736,416,906
6.433,193,0,person,0.547,13,774,56,861
6.433,193,2,car,0.497,1251,790,1324,867
6.467,194,2,car,0.715,1848,793,2204,1005
6.467,194,2,car,0.678,1400,812,1509,891
6.467,194,2,car,0.676,1167,807,1265,878
6.467,194,2,car,0.634,42,736,416,903
6.467,194,0,person,0.559,14,774,56,862
6.467,194,2,car,0.488,1252,790,1324,867
6.5,195,2,car,0.763,1898,793,2223,1014
6.5,195,2,car,0.732,1404,812,1518,892
6.5,195,2,car,0.725,1165,805,1265,878
6.5,195,2,car,0.562,1252,789,1325,861
6.533,196,2,car,0.755,1899,793,2223,1014
6.533,196,2,car,0.733,1404,812,1518,892
6.533,196,2,car,0.729,1165,805,1265,878
6.533,196,2,car,0.578,1253,789,1326,861
6.567,197,2,car,0.76,1899,793,2223,1014
6.567,197,2,car,0.736,1404,812,1518,892
6.567,197,2,car,0.724,1165,805,1266,878
6.567,197,2,car,0.568,1253,789,1326,860
6.567,197,2,car,0.402,1508,793,1625,891
6.6,198,2,car,0.76,1899,793,2223,1014
6.6,198,2,car,0.736,1404,812,1518,892
6.6,198,2,car,0.725,1165,805,1266,878
6.6,198,2,car,0.567,1253,789,1326,861
6.6,198,2,car,0.404,1508,793,1625,891
6.633,199,2,car,0.76,1165,803,1265,878
6.633,199,2,car,0.708,1407,813,1526,891
6.633,199,2,car,0.636,276,763,450,880
6.633,199,2,car,0.606,1947,785,2223,1030
6.633,199,2,car,0.494,1,714,234,925
6.633,199,7,truck,0.488,1946,784,2223,1034
6.667,200,2,car,0.759,1165,803,1265,878
6.667,200,2,car,0.709,1407,813,1526,891
6.667,200,2,car,0.634,276,763,450,880
6.667,200,2,car,0.606,1947,785,2223,1030
6.667,200,2,car,0.495,1,714,234,925
6.667,200,7,truck,0.487,1946,784,2223,1034
6.7,201,2,car,0.76,1165,803,1265,878
6.7,201,2,car,0.708,1407,813,1526,891
6.7,201,2,car,0.633,276,763,450,880
6.7,201,2,car,0.606,1947,785,2223,1030
6.7,201,7,truck,0.488,1946,784,2223,1034
6.7,201,2,car,0.487,1,714,234,925
6.733,202,2,car,0.76,1165,803,1265,878
6.733,202,2,car,0.705,1407,813,1526,891
6.733,202,2,car,0.638,276,763,450,880
6.733,202,2,car,0.604,1947,785,2223,1030
6.733,202,2,car,0.501,1,714,234,925
6.733,202,7,truck,0.489,1946,784,2223,1033
6.767,203,2,car,0.769,1418,813,1542,895
6.767,203,2,car,0.729,1165,803,1267,879
6.767,203,2,car,0.711,2002,788,2223,1044
6.767,203,2,car,0.51,0,717,118,927
6.767,203,7,truck,0.502,0,715,123,929
6.767,203,0,person,0.48,1656,799,1700,890
6.767,203,7,truck,0.453,2003,788,2223,1046
6.8,204,2,car,0.769,1418,813,1542,895
6.8,204,2,car,0.729,1165,803,1267,879
6.8,204,2,car,0.712,2002,788,2223,1044
6.8,204,2,car,0.51,0,717,118,927
6.8,204,7,truck,0.502,0,715,123,929
6.8,204,0,person,0.48,1656,799,1700,890
6.8,204,7,truck,0.453,2003,788,2223,1046
6.833,205,2,car,0.766,1418,813,1542,895
6.833,205,2,car,0.729,1165,803,1267,879
6.833,205,2,car,0.712,2002,788,2223,1044
6.833,205,2,car,0.52,0,717,118,927
6.833,205,7,truck,0.5,0,715,122,929
6.833,205,0,person,0.48,1656,799,1700,890
6.833,205,7,truck,0.453,2003,788,2223,1046
6.867,206,2,car,0.767,1418,813,1542,895
6.867,206,2,car,0.729,1165,803,1267,879
6.867,206,2,car,0.707,2002,788,2223,1044
6.867,206,2,car,0.529,0,717,118,927
6.867,206,7,truck,0.493,0,715,122,929
6.867,206,0,person,0.476,1656,800,1700,890
6.867,206,7,truck,0.456,2003,788,2223,1046
6.9,207,2,car,0.692,1170,805,1271,882
6.9,207,2,car,0.685,1423,810,1561,899
6.9,207,2,car,0.555,2075,794,2223,1037
6.9,207,7,truck,0.527,2071,795,2222,1034
6.9,207,0,person,0.521,2057,811,2103,935
6.933,208,2,car,0.69,1171,804,1271,882
6.933,208,2,car,0.685,1423,810,1560,899
6.933,208,2,car,0.553,2075,794,2223,1037
6.933,208,0,person,0.525,2057,811,2103,935
6.933,208,7,truck,0.524,2072,795,2222,1034
6.933,208,2,car,0.413,228,769,355,880
6.967,209,2,car,0.695,1171,805,1271,882
6.967,209,2,car,0.689,1423,810,1560,899
6.967,209,2,car,0.55,2075,794,2223,1038
6.967,209,7,truck,0.525,2072,795,2222,1034
6.967,209,0,person,0.518,2057,811,2103,935
6.967,209,2,car,0.435,227,769,355,880
7.0,210,2,car,0.693,1171,805,1271,882
7.0,210,2,car,0.691,1423,809,1560,899
7.0,210,2,car,0.542,2075,794,2223,1037
7.0,210,7,truck,0.533,2072,795,2222,1034
7.0,210,0,person,0.52,2058,812,2103,935
7.0,210,2,car,0.423,227,769,355,880
7.0,210,0,person,0.414,1729,812,1766,907
7.033,211,2,car,0.803,1436,817,1577,905
7.033,211,2,car,0.722,1173,809,1275,885
7.033,211,2,car,0.544,334,762,512,882
7.033,211,2,car,0.536,2161,892,2223,1047
7.033,211,0,person,0.529,2098,833,2146,944
7.067,212,2,car,0.803,1436,817,1577,905
7.067,212,2,car,0.722,1173,809,1275,885
7.067,212,2,car,0.544,334,762,512,882
7.067,212,2,car,0.536,2161,892,2223,1047
7.067,212,0,person,0.53,2098,834,2146,944
7.1,213,2,car,0.829,1437,816,1580,906
7.1,213,2,car,0.731,1173,808,1275,886
7.1,213,2,car,0.652,2179,891,2223,1050
7.1,213,0,person,0.565,2107,823,2157,945
7.1,213,2,car,0.452,320,761,496,882
7.133,214,2,car,0.829,1437,816,1580,906
7.133,214,2,car,0.731,1173,808,1275,886
7.133,214,2,car,0.652,2179,891,2223,1050
7.133,214,0,person,0.567,2107,823,2157,945
7.133,214,2,car,0.454,320,761,496,882
7.167,215,2,car,0.78,1176,808,1277,887
7.167,215,2,car,0.736,1450,816,1596,906
7.167,215,0,person,0.648,1777,822,1818,916
7.167,215,0,person,0.538,2137,829,2190,950
7.167,215,2,car,0.451,275,753,443,879
7.167,215,0,person,0.439,1714,796,1751,894
7.2,216,2,car,0.78,1176,808,1277,887
7.2,216,2,car,0.736,1450,816,1596,906
7.2,216,0,person,0.648,1777,822,1818,916
7.2,216,0,person,0.539,2137,828,2190,950
7.2,216,2,car,0.451,275,753,443,879
7.2,216,0,person,0.44,1714,796,1751,894
7.233,217,2,car,0.782,1176,808,1277,887
7.233,217,2,car,0.736,1450,816,1596,906
7.233,217,0,person,0.648,1777,822,1818,916
7.233,217,0,person,0.529,2138,830,2190,950
7.233,217,2,car,0.451,275,753,443,879
7.233,217,0,person,0.44,1714,796,1751,894
7.267,218,2,car,0.728,1177,808,1278,889
7.267,218,2,car,0.706,1457,810,1602,912
7.267,218,2,car,0.679,234,754,417,885
7.267,218,0,person,0.632,1792,825,1834,919
7.267,218,0,person,0.544,2161,831,2207,954
7.267,218,2,car,0.538,407,816,505,883
7.267,218,0,person,0.466,1723,801,1763,904
7.267,218,0,person,0.451,1625,805,1665,917
7.3,219,0,person,0.708,1798,826,1841,922
7.3,219,2,car,0.707,1178,808,1277,889
7.3,219,2,car,0.703,1459,809,1607,914
7.3,219,2,car,0.559,213,751,393,882
7.3,219,0,person,0.496,1628,806,1670,919
7.3,219,9,traffic light,0.472,1636,528,1666,591
7.3,219,0,person,0.471,1729,801,1769,901
7.3,219,2,car,0.459,122,750,393,886
7.3,219,2,car,0.45,387,812,491,887
7.333,220,0,person,0.712,1797,826,1841,922
7.333,220,2,car,0.708,1178,808,1278,889
7.333,220,2,car,0.683,1459,809,1607,914
7.333,220,2,car,0.548,213,751,393,882
7.333,220,0,person,0.499,1629,806,1671,919
7.333,220,2,car,0.47,123,750,393,886
7.333,220,9,traffic light,0.465,1636,528,1666,592
7.333,220,0,person,0.451,1730,802,1769,900
7.333,220,2,car,0.448,387,812,491,887
7.367,221,2,car,0.733,1459,810,1611,915
7.367,221,2,car,0.717,1178,810,1278,890
7.367,221,0,person,0.639,1801,831,1846,922
7.367,221,2,car,0.609,192,750,380,883
7.367,221,2,car,0.496,373,814,474,876
7.4,222,2,car,0.73,1459,811,1611,915
7.4,222,2,car,0.714,1178,810,1278,890
7.4,222,0,person,0.638,1801,831,1846,922
7.4,222,2,car,0.6,192,750,380,883
7.4,222,2,car,0.5,373,814,475,876
7.433,223,2,car,0.748,1180,809,1279,892
7.433,223,0,person,0.658,1829,840,1873,934
7.433,223,2,car,0.543,1472,819,1632,923
7.433,223,0,person,0.494,1652,805,1700,927
7.433,223,2,car,0.482,564,797,661,860
7.433,223,0,person,0.419,1751,800,1800,917
7.433,223,2,car,0.416,3,747,276,905
7.433,223,2,car,0.403,1266,787,1343,869
7.467,224,2,car,0.754,1180,809,1279,892
7.467,224,0,person,0.657,1829,839,1873,934
7.467,224,2,car,0.551,1472,820,1632,923
7.467,224,0,person,0.484,1652,805,1700,928
7.467,224,2,car,0.465,564,797,661,860
7.467,224,2,car,0.449,2,749,274,905
7.467,224,0,person,0.419,1751,800,1799,917
7.467,224,2,car,0.402,1266,787,1342,868
7.5,225,2,car,0.748,1180,809,1279,891
7.5,225,0,person,0.655,1829,839,1873,933
7.5,225,2,car,0.594,1472,819,1632,923
7.5,225,0,person,0.495,1651,805,1700,927
7.5,225,2,car,0.463,564,797,660,860
7.5,225,2,car,0.435,2,745,277,905
7.5,225,0,person,0.423,1752,801,1799,917
7.5,225,2,car,0.407,1266,788,1342,868
7.5,225,0,person,0.401,1760,815,1800,915
7.533,226,2,car,0.744,1180,809,1279,891
7.533,226,0,person,0.656,1829,839,1874,933
7.533,226,2,car,0.592,1472,821,1632,923
7.533,226,2,car,0.472,564,797,661,860
7.533,226,0,person,0.47,1651,805,1700,927
7.533,226,2,car,0.455,2,746,278,905
7.533,226,0,person,0.42,1760,815,1800,915
7.567,227,2,car,0.806,1181,813,1282,892
7.567,227,2,car,0.775,1485,833,1651,930
7.567,227,2,car,0.58,496,795,643,867
7.567,227,2,car,0.531,1264,790,1341,867
7.567,227,0,person,0.471,1674,810,1722,935
7.567,227,0,person,0.439,1783,823,1822,915
7.567,227,0,person,0.435,1792,824,1826,916
7.567,227,9,traffic light,0.428,1695,496,1726,574
7.6,228,2,car,0.801,1181,812,1282,892
7.6,228,2,car,0.782,1485,835,1651,930
7.6,228,2,car,0.576,496,796,643,867
7.6,228,2,car,0.524,1263,790,1341,866
7.6,228,0,person,0.471,1675,810,1722,935
7.6,228,9,traffic light,0.465,1695,496,1726,574
7.6,228,0,person,0.441,1793,825,1826,916
7.6,228,0,person,0.433,1783,824,1821,915
7.633,229,2,car,0.802,1181,812,1282,892
7.633,229,2,car,0.78,1485,834,1651,930
7.633,229,2,car,0.562,497,796,643,867
7.633,229,2,car,0.525,1263,790,1341,867
7.633,229,9,traffic light,0.481,1695,495,1726,574
7.633,229,0,person,0.473,1675,810,1722,935
7.633,229,0,person,0.455,1792,825,1826,916
7.633,229,0,person,0.452,1783,823,1821,915
7.633,229,0,person,0.426,1858,845,1903,936
7.667,230,2,car,0.799,1182,815,1283,892
7.667,230,2,car,0.787,1485,834,1651,930
7.667,230,2,car,0.541,499,796,644,867
7.667,230,2,car,0.522,1263,790,1342,866
7.667,230,9,traffic light,0.504,1695,495,1726,574
7.667,230,0,person,0.501,1675,810,1722,935
7.667,230,0,person,0.47,1783,823,1821,915
7.667,230,0,person,0.446,1792,825,1826,915
7.667,230,2,car,0.41,1,738,178,901
7.667,230,2,car,0.407,168,759,316,880
7.7,231,2,car,0.819,1181,818,1285,893
7.7,231,2,car,0.772,1502,833,1679,937
7.7,231,2,car,0.666,37,777,224,885
7.7,231,2,car,0.65,430,795,612,869
7.7,231,0,person,0.543,1812,822,1856,922
7.7,231,2,car,0.535,1267,790,1340,869
7.7,231,0,person,0.5,1693,808,1759,940
7.7,231,0,person,0.412,1695,815,1744,939
7.733,232,2,car,0.818,1181,817,1285,893
7.733,232,2,car,0.772,1502,832,1679,937
7.733,232,2,car,0.69,37,777,222,885
7.733,232,2,car,0.634,430,795,612,870
7.733,232,2,car,0.558,1267,790,1341,868
7.733,232,0,person,0.535,1694,810,1757,940
7.733,232,0,person,0.53,1812,823,1857,922
7.767,233,2,car,0.816,1181,817,1284,893
7.767,233,2,car,0.781,1501,832,1679,936
7.767,233,2,car,0.691,37,777,224,885
7.767,233,2,car,0.654,429,796,610,869
7.767,233,2,car,0.559,1267,790,1341,868
7.767,233,0,person,0.541,1815,823,1856,921
7.767,233,0,person,0.532,1697,812,1748,940
7.8,234,2,car,0.825,1181,819,1284,894
7.8,234,0,person,0.758,1823,821,1866,924
7.8,234,2,car,0.741,1508,835,1690,941
7.8,234,2,car,0.675,410,798,601,872
7.8,234,2,car,0.601,0,780,153,888
7.8,234,0,person,0.553,1707,814,1755,946
7.8,234,2,car,0.504,1268,790,1341,868
7.8,234,9,traffic light,0.43,1745,474,1777,549
7.833,235,2,car,0.826,1181,819,1284,894
7.833,235,0,person,0.756,1824,821,1866,923
7.833,235,2,car,0.739,1507,835,1690,941
7.833,235,2,car,0.669,410,798,601,871
7.833,235,2,car,0.601,0,780,153,888
7.833,235,0,person,0.551,1712,812,1759,947
7.833,235,2,car,0.507,1268,790,1341,869
7.833,235,9,traffic light,0.436,1745,474,1777,550
7.867,236,2,car,0.832,1181,818,1284,894
7.867,236,0,person,0.754,1823,821,1866,923
7.867,236,2,car,0.736,1507,835,1690,941
7.867,236,2,car,0.668,410,798,600,872
7.867,236,2,car,0.598,0,780,154,888
7.867,236,0,person,0.558,1711,812,1758,947
7.867,236,2,car,0.519,1268,790,1341,869
7.867,236,9,traffic light,0.436,1745,474,1777,551
7.9,237,2,car,0.819,1181,827,1285,896
7.9,237,2,car,0.692,392,798,569,876
7.9,237,2,car,0.677,1522,837,1714,951
7.9,237,0,person,0.649,1853,825,1892,927
7.9,237,0,person,0.523,1733,814,1785,954
7.9,237,2,car,0.519,1269,791,1341,870
7.9,237,2,car,0.516,259,814,379,888
7.9,237,9,traffic light,0.485,1782,446,1813,526
7.933,238,2,car,0.818,1181,828,1285,896
7.933,238,2,car,0.701,392,797,570,876
7.933,238,2,car,0.68,1523,836,1716,951
7.933,238,0,person,0.658,1853,826,1892,927
7.933,238,2,car,0.537,260,814,379,888
7.933,238,0,person,0.529,1733,814,1786,954
7.933,238,2,car,0.509,1269,791,1341,870
7.933,238,9,traffic light,0.48,1782,447,1813,527
7.967,239,2,car,0.82,1181,828,1285,896
7.967,239,2,car,0.711,392,797,569,875
7.967,239,2,car,0.686,1523,836,1715,951
7.967,239,0,person,0.668,1853,825,1892,927
7.967,239,2,car,0.558,260,814,379,888
7.967,239,2,car,0.523,1269,791,1341,869
7.967,239,0,person,0.521,1733,814,1786,954
7.967,239,9,traffic light,0.483,1782,447,1813,527
8.0,240,2,car,0.823,1181,829,1285,896
8.0,240,2,car,0.703,392,797,570,876
8.0,240,2,car,0.686,1523,836,1716,951
8.0,240,0,person,0.671,1853,826,1892,927
8.0,240,2,car,0.541,260,814,380,888
8.0,240,0,person,0.534,1733,813,1787,954
8.0,240,2,car,0.494,1269,791,1341,869
8.0,240,9,traffic light,0.484,1782,446,1813,527
8.033,241,2,car,0.833,1182,827,1285,899
8.033,241,2,car,0.78,1532,836,1746,962
8.033,241,9,traffic light,0.754,1819,420,1855,516
8.033,241,2,car,0.721,166,813,340,889
8.033,241,0,person,0.669,1758,811,1818,966
8.033,241,2,car,0.663,363,798,510,880
8.033,241,0,person,0.615,1883,818,1933,935
8.033,241,2,car,0.487,362,797,573,880
8.033,241,2,car,0.448,1273,794,1341,872
8.067,242,2,car,0.832,1182,827,1285,899
8.067,242,2,car,0.792,1532,835,1747,962
8.067,242,9,traffic light,0.768,1819,419,1855,516
8.067,242,2,car,0.719,164,813,340,889
8.067,242,2,car,0.674,365,797,560,879
8.067,242,0,person,0.661,1759,809,1819,965
8.067,242,0,person,0.609,1882,818,1933,935
8.067,242,2,car,0.457,1273,794,1341,871
8.1,243,2,car,0.838,1182,828,1285,899
8.1,243,2,car,0.79,1533,835,1746,962
8.1,243,9,traffic light,0.773,1819,419,1855,515
8.1,243,2,car,0.731,165,813,340,889
8.1,243,2,car,0.653,365,796,561,879
8.1,243,0,person,0.647,1757,808,1816,966
8.1,243,2,car,0.641,363,798,500,880
8.1,243,0,person,0.61,1883,818,1933,935
8.1,243,2,car,0.45,1273,794,1342,872
8.133,244,2,car,0.832,1182,829,1285,899
8.133,244,2,car,0.778,1533,835,1747,962
8.133,244,9,traffic light,0.756,1819,419,1855,515
8.133,244,2,car,0.741,166,813,340,889
8.133,244,0,person,0.645,1756,807,1815,965
8.133,244,2,car,0.643,362,799,484,879
8.133,244,2,car,0.63,365,797,558,879
8.133,244,0,person,0.611,1883,819,1934,935
8.133,244,2,car,0.422,1272,794,1342,872
8.167,245,2,car,0.831,1181,830,1284,903
8.167,245,2,car,0.781,135,810,319,891
8.167,245,2,car,0.776,346,794,491,880
8.167,245,9,traffic light,0.742,1852,412,1892,503
8.167,245,2,car,0.739,1546,836,1769,971
8.167,245,0,person,0.616,1907,817,1952,944
8.167,245,2,car,0.561,2,772,160,894
8.167,245,0,person,0.551,1781,814,1845,974
8.167,245,0,person,0.505,1840,813,1909,975
8.167,245,0,person,0.433,1778,822,1825,971
8.167,245,2,car,0.408,1272,794,1344,873
8.2,246,2,car,0.832,1180,830,1284,903
8.2,246,2,car,0.794,134,810,319,891
8.2,246,2,car,0.777,346,794,490,880
8.2,246,9,traffic light,0.763,1852,412,1892,504
8.2,246,2,car,0.733,1547,837,1769,971
8.2,246,0,person,0.596,1907,818,1953,944
8.2,246,0,person,0.544,1780,814,1846,973
8.2,246,2,car,0.528,2,773,159,894
8.2,246,0,person,0.481,1839,813,1909,975
8.2,246,0,person,0.422,1778,822,1825,971
8.233,247,2,car,0.829,1181,830,1284,903
8.233,247,2,car,0.799,133,810,319,891
8.233,247,2,car,0.779,346,794,490,880
8.233,247,9,traffic light,0.767,1852,412,1892,504
8.233,247,2,car,0.746,1547,836,1769,971
8.233,247,0,person,0.605,1907,817,1953,944
8.233,247,2,car,0.546,2,773,159,894
8.233,247,0,person,0.53,1782,814,1846,973
8.233,247,0,person,0.459,1840,814,1909,975
8.233,247,0,person,0.41,1778,822,1825,971
8.267,248,2,car,0.823,112,810,292,893
8.267,248,2,car,0.812,1180,829,1284,905
8.267,248,2,car,0.718,1560,832,1794,981
8.267,248,0,person,0.578,1933,822,1974,950
8.267,248,9,traffic light,0.566,1895,390,1931,492
8.267,248,2,car,0.532,1,801,129,894
8.267,248,0,person,0.46,2041,869,2098,982
8.267,248,0,person,0.452,1802,822,1854,978
8.267,248,2,car,0.437,1530,821,1649,919
8.267,248,2,car,0.435,330,816,385,881
8.267,248,0,person,0.424,1820,817,1873,982
8.3,249,2,car,0.827,112,810,291,893
8.3,249,2,car,0.807,1180,829,1284,905
8.3,249,2,car,0.709,1560,832,1794,981
8.3,249,9,traffic light,0.567,1895,390,1931,492
8.3,249,0,person,0.553,1933,821,1974,950
8.3,249,2,car,0.539,1,801,129,894
8.3,249,0,person,0.474,2041,868,2098,982
8.3,249,0,person,0.459,1802,823,1853,979
8.3,249,0,person,0.442,1821,818,1874,982
8.3,249,2,car,0.433,330,816,386,881
8.3,249,2,car,0.431,1531,821,1649,920
8.3,249,2,car,0.403,1271,794,1344,875
8.333,250,2,car,0.829,1180,830,1284,905
8.333,250,2,car,0.812,116,810,302,893
8.333,250,2,car,0.776,1552,831,1783,979
8.333,250,2,car,0.614,0,789,139,893
8.333,250,2,car,0.6,335,816,422,881
8.333,250,9,traffic light,0.538,1880,391,1917,494
8.333,250,0,person,0.513,1796,820,1851,978
8.333,250,0,person,0.457,1922,824,1968,946
8.367,251,2,car,0.837,89,810,277,896
8.367,251,2,car,0.805,1180,827,1285,907
8.367,251,9,traffic light,0.711,1920,375,1963,477
8.367,251,0,person,0.607,1819,826,1873,987
8.367,251,2,car,0.591,1572,836,1813,986
8.367,251,0,person,0.577,1951,828,1992,955
8.367,251,2,car,0.571,0,804,113,897
8.367,251,0,person,0.471,2062,857,2126,988
8.4,252,2,car,0.839,89,811,277,896
8.4,252,2,car,0.802,1180,828,1285,907
8.4,252,9,traffic light,0.711,1920,374,1963,477
8.4,252,0,person,0.621,1818,826,1874,987
8.4,252,2,car,0.594,1573,837,1813,986
8.4,252,0,person,0.582,1951,828,1992,955
8.4,252,2,car,0.57,0,803,113,897
8.4,252,0,person,0.466,2063,857,2126,988
8.433,253,2,car,0.823,1597,843,1853,998
8.433,253,2,car,0.815,1181,827,1285,907
8.433,253,2,car,0.753,104,812,237,894
8.433,253,9,traffic light,0.743,1986,336,2027,451
8.433,253,2,car,0.662,290,795,457,883
8.433,253,0,person,0.633,1861,832,1919,998
8.433,253,2,car,0.597,1547,814,1702,926
8.433,253,0,person,0.443,1905,833,1954,998
8.433,253,2,car,0.44,1272,795,1348,877
8.467,254,2,car,0.827,1597,844,1853,997
8.467,254,2,car,0.799,1181,828,1285,907
8.467,254,9,traffic light,0.76,1986,336,2027,451
8.467,254,2,car,0.757,104,812,237,894
8.467,254,2,car,0.664,289,795,457,883
8.467,254,0,person,0.63,1860,827,1922,999
8.467,254,2,car,0.6,1547,814,1702,926
8.467,254,0,person,0.422,1905,833,1954,997
8.467,254,2,car,0.412,1272,795,1348,876
8.5,255,2,car,0.827,1597,844,1853,997
8.5,255,2,car,0.806,1181,828,1285,907
8.5,255,9,traffic light,0.762,1986,336,2027,451
8.5,255,2,car,0.752,104,812,237,894
8.5,255,2,car,0.659,289,796,456,883
8.5,255,0,person,0.648,1860,826,1923,999
8.5,255,2,car,0.614,1546,814,1702,926
8.5,255,2,car,0.428,1271,795,1348,877
8.533,256,2,car,0.843,15,811,222,896
8.533,256,2,car,0.842,1181,829,1285,908
8.533,256,9,traffic light,0.811,2018,322,2066,439
8.533,256,2,car,0.794,1601,845,1875,1006
8.533,256,2,car,0.635,1549,815,1709,926
8.533,256,0,person,0.572,1878,826,1946,1005
8.533,256,2,car,0.547,279,794,424,881
8.533,256,2,car,0.512,1271,795,1351,877
8.533,256,2,car,0.449,1,1024,192,1212
8.567,257,2,car,0.819,1599,843,1864,999
8.567,257,2,car,0.816,1180,829,1284,908
8.567,257,2,car,0.782,26,810,228,895
8.567,257,2,car,0.674,1548,814,1705,924
8.567,257,9,traffic light,0.631,2003,328,2047,447
8.567,257,2,car,0.533,286,796,452,883
8.567,257,2,car,0.524,1271,795,1350,877
8.567,257,0,person,0.492,1868,824,1936,1004
8.6,258,2,car,0.819,1599,843,1864,999
8.6,258,2,car,0.816,1180,829,1284,908
8.6,258,2,car,0.782,26,810,228,895
8.6,258,2,car,0.674,1548,814,1705,924
8.6,258,9,traffic light,0.625,2003,328,2047,447
8.6,258,2,car,0.532,286,796,452,883
8.6,258,2,car,0.523,1271,795,1350,877
8.6,258,0,person,0.492,1868,824,1936,1004
8.633,259,2,car,0.85,1180,828,1287,910
8.633,259,2,car,0.829,0,811,187,899
8.633,259,2,car,0.783,1622,849,1927,1020
8.633,259,9,traffic light,0.698,2109,273,2154,403
8.633,259,2,car,0.665,1573,819,1738,935
8.633,259,9,traffic light,0.616,935,425,967,496
8.633,259,0,person,0.606,1929,830,1998,1024
8.633,259,2,car,0.527,251,798,414,883
8.633,259,2,car,0.472,1494,842,1579,919
8.633,259,2,car,0.434,1272,797,1355,879
8.667,260,2,car,0.849,1180,828,1287,910
8.667,260,2,car,0.831,0,811,187,899
8.667,260,2,car,0.789,1623,848,1929,1020
8.667,260,9,traffic light,0.682,2109,273,2154,403
8.667,260,2,car,0.667,1573,819,1738,935
8.667,260,9,traffic light,0.619,935,425,967,496
8.667,260,0,person,0.606,1929,830,1998,1024
8.667,260,2,car,0.539,251,798,412,883
8.667,260,2,car,0.458,1494,843,1578,919
8.667,260,2,car,0.442,1272,796,1355,879
8.7,261,2,car,0.855,1181,828,1287,910
8.7,261,2,car,0.829,0,811,187,898
8.7,261,2,car,0.789,1623,848,1929,1020
8.7,261,9,traffic light,0.687,2109,273,2154,403
8.7,261,2,car,0.668,1573,819,1738,935
8.7,261,9,traffic light,0.622,935,425,967,496
8.7,261,0,person,0.606,1927,834,1999,1023
8.7,261,2,car,0.549,251,798,413,883
8.7,261,2,car,0.452,1493,843,1578,919
8.7,261,2,car,0.413,1272,796,1355,879
8.733,262,2,car,0.849,1181,828,1287,910
8.733,262,2,car,0.836,0,811,187,899
8.733,262,2,car,0.778,1623,848,1929,1020
8.733,262,2,car,0.672,1573,819,1738,935
8.733,262,9,traffic light,0.649,2109,273,2154,403
8.733,262,0,person,0.616,1928,832,1999,1022
8.733,262,9,traffic light,0.608,935,424,968,497
8.733,262,2,car,0.553,251,798,418,883
8.733,262,2,car,0.454,1494,842,1578,919
8.767,263,2,car,0.856,1651,857,1988,1046
8.767,263,2,car,0.853,0,812,138,907
8.767,263,2,car,0.795,1181,830,1287,914
8.767,263,2,car,0.686,1578,825,1776,941
8.767,263,0,person,0.572,1977,839,2051,1041
8.767,263,9,traffic light,0.551,915,396,950,480
8.8,264,2,car,0.856,1651,857,1988,1046
8.8,264,2,car,0.851,0,812,138,907
8.8,264,2,car,0.796,1181,831,1287,914
8.8,264,2,car,0.684,1578,825,1776,941
8.8,264,0,person,0.57,1977,839,2051,1041
8.8,264,9,traffic light,0.544,915,396,950,480
8.833,265,2,car,0.853,1651,856,1988,1046
8.833,265,2,car,0.851,0,812,138,907
8.833,265,2,car,0.798,1181,831,1287,914
8.833,265,2,car,0.677,1578,825,1776,941
8.833,265,0,person,0.574,1978,838,2052,1041
8.833,265,9,traffic light,0.553,915,396,950,480
8.867,266,2,car,0.853,1652,856,1987,1046
8.867,266,2,car,0.852,0,812,138,907
8.867,266,2,car,0.796,1181,831,1287,914
8.867,266,2,car,0.676,1578,825,1776,941
8.867,266,0,person,0.585,1978,838,2052,1040
8.867,266,9,traffic light,0.552,915,396,950,481
8.867,266,7,truck,0.405,1789,758,2223,985
8.9,267,2,car,0.881,1685,863,2057,1065
8.9,267,2,car,0.823,0,812,97,907
8.9,267,2,car,0.741,1181,833,1289,918
8.9,267,2,car,0.711,1602,826,1805,953
8.9,267,0,person,0.662,2032,856,2114,1066
8.9,267,0,person,0.55,2105,869,2165,1070
8.9,267,9,traffic light,0.55,897,370,932,465
8.9,267,2,car,0.451,372,795,505,861
8.933,268,2,car,0.881,1685,863,2057,1065
8.933,268,2,car,0.822,0,812,97,907
8.933,268,2,car,0.74,1181,833,1289,918
8.933,268,2,car,0.706,1602,826,1805,953
8.933,268,0,person,0.661,2033,856,2115,1066
8.933,268,9,traffic light,0.554,897,370,932,465
8.933,268,0,person,0.552,2106,870,2165,1070
8.933,268,2,car,0.452,372,795,505,861
8.967,269,2,car,0.881,1685,863,2057,1065
8.967,269,2,car,0.821,0,812,97,907
8.967,269,2,car,0.742,1181,833,1289,918
8.967,269,2,car,0.706,1602,826,1805,953
8.967,269,0,person,0.668,2033,856,2115,1067
8.967,269,9,traffic light,0.554,897,370,932,465
8.967,269,0,person,0.554,2105,869,2165,1070
8.967,269,2,car,0.455,371,795,505,861
9.0,270,2,car,0.88,1685,863,2057,1065
9.0,270,2,car,0.819,0,812,97,907
9.0,270,2,car,0.735,1181,833,1289,918
9.0,270,2,car,0.706,1602,826,1805,953
9.0,270,0,person,0.664,2033,856,2115,1066
9.0,270,0,person,0.551,2105,869,2165,1070
9.0,270,9,traffic light,0.549,897,369,932,466
9.0,270,2,car,0.46,372,795,505,861
9.033,271,2,car,0.888,1712,876,2117,1090
9.033,271,9,traffic light,0.77,877,348,921,457
9.033,271,2,car,0.712,0,816,59,909
9.033,271,2,car,0.647,1607,834,1820,963
9.033,271,2,car,0.646,1180,837,1288,921
9.033,271,0,person,0.623,2092,861,2184,1097
9.033,271,2,car,0.432,1350,849,1400,888
9.033,271,2,car,0.427,1521,858,1587,930
9.033,271,2,car,0.413,1568,856,1626,945
9.067,272,2,car,0.888,1712,876,2117,1090
9.067,272,9,traffic light,0.767,877,348,921,457
9.067,272,2,car,0.712,0,817,59,909
9.067,272,2,car,0.647,1180,837,1288,921
9.067,272,2,car,0.64,1607,834,1820,963
9.067,272,0,person,0.623,2092,861,2184,1097
9.067,272,2,car,0.433,1350,849,1400,888
9.067,272,2,car,0.419,1521,858,1587,930
9.067,272,2,car,0.409,1568,856,1626,945
9.1,273,2,car,0.886,1712,876,2117,1090
9.1,273,9,traffic light,0.764,877,347,921,457
9.1,273,2,car,0.715,0,817,59,909
9.1,273,2,car,0.647,1180,837,1288,921
9.1,273,0,person,0.626,2091,860,2184,1097
9.1,273,2,car,0.621,1607,834,1819,963
9.1,273,2,car,0.451,1521,858,1587,930
9.1,273,2,car,0.437,1350,849,1400,888
9.1,273,2,car,0.408,1568,857,1626,944
9.133,274,2,car,0.891,1740,885,2183,1111
9.133,274,2,car,0.729,1179,854,1285,925
9.133,274,0,person,0.629,2154,868,2223,1117
9.133,274,2,car,0.622,1620,836,1841,977
9.133,274,9,traffic light,0.614,854,319,897,432
9.133,274,2,car,0.496,1572,860,1643,952
9.133,274,2,car,0.415,1524,860,1603,933
9.167,275,2,car,0.891,1740,885,2183,1111
9.167,275,2,car,0.726,1179,855,1285,925
9.167,275,0,person,0.635,2155,869,2223,1117
9.167,275,2,car,0.631,1621,836,1840,977
9.167,275,9,traffic light,0.624,854,320,897,431
9.167,275,2,car,0.517,1572,860,1644,952
9.167,275,2,car,0.406,1524,861,1600,933
9.167,275,2,car,0.401,171,801,349,878
9.2,276,2,car,0.891,1740,885,2183,1111
9.2,276,2,car,0.727,1179,855,1285,925
9.2,276,9,traffic light,0.637,855,320,896,432
9.2,276,2,car,0.635,1621,835,1840,977
9.2,276,0,person,0.633,2155,869,2223,1117
9.2,276,2,car,0.523,1572,859,1644,952
9.2,276,2,car,0.41,1525,861,1601,933
9.2,276,2,car,0.404,171,801,349,878
9.233,277,2,car,0.889,1783,893,2223,1148
9.233,277,9,traffic light,0.821,829,288,869,404
9.233,277,2,car,0.814,1179,858,1285,930
9.233,277,2,car,0.651,1635,842,1873,992
9.233,277,2,car,0.634,85,803,325,905
9.233,277,2,car,0.492,1586,865,1662,958
9.233,277,2,car,0.484,1534,861,1614,946
9.233,277,2,car,0.404,291,802,467,886
9.267,278,2,car,0.889,1783,893,2223,1148
9.267,278,9,traffic light,0.821,829,288,869,404
9.267,278,2,car,0.814,1179,858,1285,930
9.267,278,2,car,0.651,1635,842,1873,992
9.267,278,2,car,0.633,85,803,325,905
9.267,278,2,car,0.492,1586,865,1662,958
9.267,278,2,car,0.484,1534,861,1614,946
9.267,278,2,car,0.404,291,802,467,886
9.3,279,2,car,0.889,1783,893,2223,1148
9.3,279,9,traffic light,0.821,829,288,869,404
9.3,279,2,car,0.814,1179,858,1285,930
9.3,279,2,car,0.65,1635,842,1873,992
9.3,279,2,car,0.633,85,803,325,905
9.3,279,2,car,0.492,1586,865,1662,958
9.3,279,2,car,0.484,1534,861,1614,946
9.3,279,2,car,0.404,291,802,467,886
9.333,280,2,car,0.889,1783,893,2223,1148
9.333,280,9,traffic light,0.822,829,288,869,404
9.333,280,2,car,0.814,1179,858,1285,930
9.333,280,2,car,0.65,1635,842,1873,992
9.333,280,2,car,0.637,85,803,325,905
9.333,280,2,car,0.493,1586,865,1662,958
9.333,280,2,car,0.484,1534,861,1614,946
9.333,280,2,car,0.408,291,802,467,886
9.367,281,2,car,0.907,1811,902,2224,1169
9.367,281,2,car,0.803,1179,859,1284,934
9.367,281,9,traffic light,0.781,809,266,849,387
9.367,281,2,car,0.576,66,804,287,895
9.367,281,2,car,0.545,1593,868,1670,963
9.367,281,2,car,0.536,1646,846,1891,995
9.367,281,2,car,0.498,1538,867,1624,948
9.367,281,2,car,0.474,273,804,444,889
9.367,281,7,truck,0.423,1646,846,1892,997
9.367,281,2,car,0.406,1353,857,1409,898
9.4,282,2,car,0.907,1811,902,2224,1169
9.4,282,2,car,0.802,1179,859,1284,934
9.4,282,9,traffic light,0.784,809,266,849,387
9.4,282,2,car,0.574,65,804,288,896
9.4,282,2,car,0.541,1593,868,1670,963
9.4,282,2,car,0.536,1646,846,1891,995
9.4,282,2,car,0.501,1538,867,1624,948
9.4,282,2,car,0.471,273,804,445,889
9.4,282,7,truck,0.424,1646,846,1893,997
9.4,282,2,car,0.404,1353,857,1409,898
9.433,283,2,car,0.925,1868,914,2223,1206
9.433,283,2,car,0.875,1179,850,1286,936
9.433,283,9,traffic light,0.859,760,210,809,351
9.433,283,2,car,0.675,10,807,280,918
9.433,283,7,truck,0.548,1663,849,1938,1009
9.433,283,2,car,0.534,1610,866,1693,973
9.433,283,2,car,0.478,1553,863,1646,953
9.433,283,2,car,0.475,359,820,534,903
9.467,284,2,car,0.924,1868,914,2223,1206
9.467,284,2,car,0.875,1179,850,1286,936
9.467,284,9,traffic light,0.859,760,210,809,351
9.467,284,2,car,0.67,10,807,280,918
9.467,284,7,truck,0.558,1663,849,1939,1009
9.467,284,2,car,0.527,1610,866,1692,973
9.467,284,2,car,0.493,358,820,536,903
9.467,284,2,car,0.481,1553,863,1646,953
9.5,285,2,car,0.926,1868,914,2223,1205
9.5,285,2,car,0.874,1179,851,1286,936
9.5,285,9,traffic light,0.854,760,210,809,350
9.5,285,2,car,0.684,9,807,278,918
9.5,285,7,truck,0.567,1662,849,1940,1010
9.5,285,2,car,0.539,1609,867,1694,973
9.5,285,2,car,0.478,1553,863,1647,953
9.5,285,2,car,0.476,357,821,535,903
9.533,286,2,car,0.883,1903,923,2221,1210
9.533,286,2,car,0.831,1179,843,1285,936
9.533,286,9,traffic light,0.818,734,182,783,319
9.533,286,2,car,0.663,1,810,241,919
9.533,286,2,car,0.568,1613,875,1698,974
9.533,286,7,truck,0.507,1677,849,1950,1018
9.567,287,2,car,0.898,1884,916,2222,1212
9.567,287,2,car,0.848,1179,847,1285,936
9.567,287,9,traffic light,0.806,747,194,796,335
9.567,287,2,car,0.731,9,807,238,919
9.567,287,2,car,0.575,1612,873,1689,975
9.567,287,2,car,0.436,1671,848,1950,1009
9.6,288,2,car,0.899,1884,916,2222,1212
9.6,288,2,car,0.849,1179,847,1285,936
9.6,288,9,traffic light,0.807,747,194,796,335
9.6,288,2,car,0.727,9,807,238,918
9.6,288,2,car,0.578,1612,873,1690,975
9.6,288,2,car,0.437,1671,848,1950,1009
9.633,289,2,car,0.838,1179,851,1285,938
9.633,289,7,truck,0.651,1701,846,1993,1028
9.633,289,2,car,0.587,1977,909,2223,1206
9.633,289,0,person,0.559,2038,864,2089,991
9.633,289,2,car,0.519,1571,859,1684,957
9.633,289,2,car,0.497,1633,872,1707,976
9.633,289,2,car,0.426,1358,857,1421,899
9.633,289,2,car,0.407,1,816,179,926
9.667,290,2,car,0.837,1179,851,1285,938
9.667,290,7,truck,0.651,1701,846,1993,1028
9.667,290,2,car,0.586,1977,910,2223,1206
9.667,290,0,person,0.559,2038,864,2089,991
9.667,290,2,car,0.524,1571,859,1684,957
9.667,290,2,car,0.498,1633,872,1707,976
9.667,290,2,car,0.423,1358,857,1421,899
9.667,290,2,car,0.411,1,816,178,926
9.7,291,2,car,0.84,1179,852,1285,938
9.7,291,7,truck,0.655,1701,845,1992,1028
9.7,291,2,car,0.596,1977,912,2223,1206
9.7,291,0,person,0.573,2038,864,2089,991
9.7,291,2,car,0.535,1571,860,1683,957
9.7,291,2,car,0.499,1633,872,1707,976
9.7,291,2,car,0.437,1359,857,1421,899
9.7,291,2,car,0.421,1,816,179,926
9.733,292,2,car,0.84,1179,852,1285,938
9.733,292,7,truck,0.651,1701,845,1992,1028
9.733,292,2,car,0.592,1977,912,2223,1206
9.733,292,0,person,0.57,2038,864,2089,991
9.733,292,2,car,0.537,1571,859,1683,957
9.733,292,2,car,0.501,1633,872,1707,976
9.733,292,2,car,0.435,1359,857,1421,899
9.733,292,2,car,0.427,1,816,179,926
9.767,293,2,car,0.837,1179,853,1286,937
9.767,293,9,traffic light,0.724,612,30,677,200
9.767,293,0,person,0.664,2062,858,2117,1004
9.767,293,7,truck,0.646,1715,842,2021,1035
9.767,293,2,car,0.601,2047,904,2222,1209
9.767,293,2,car,0.539,1577,859,1701,958
9.767,293,0,person,0.494,2125,877,2171,1001
9.767,293,2,car,0.472,73,830,308,934
9.767,293,2,car,0.455,1636,868,1757,980
9.767,293,2,car,0.435,1638,869,1724,978
9.8,294,2,car,0.838,1180,853,1286,937
9.8,294,9,traffic light,0.726,612,30,677,200
9.8,294,0,person,0.665,2062,858,2117,1004
9.8,294,7,truck,0.652,1715,842,2021,1035
9.8,294,2,car,0.607,2048,905,2222,1209
9.8,294,2,car,0.539,1577,859,1701,958
9.8,294,0,person,0.501,2125,877,2171,1001
9.8,294,2,car,0.473,73,830,308,934
9.8,294,2,car,0.452,1636,868,1757,980
9.8,294,2,car,0.434,1637,869,1725,978
9.833,295,2,car,0.81,1180,854,1285,935
9.833,295,0,person,0.67,2142,859,2198,1025
9.833,295,0,person,0.669,2085,858,2135,1000
9.833,295,7,truck,0.668,1726,833,2046,1035
9.833,295,2,car,0.58,1587,855,1705,955
9.833,295,2,car,0.546,1651,864,1736,977
9.833,295,2,car,0.5,2100,1014,2222,1210
9.833,295,9,traffic light,0.493,568,0,629,159
9.833,295,7,truck,0.456,1276,808,1363,897
9.833,295,2,car,0.455,1371,855,1423,892
9.833,295,2,car,0.429,1277,808,1363,897
9.867,296,2,car,0.836,1180,854,1286,934
9.867,296,7,truck,0.695,1734,831,2058,1034
9.867,296,0,person,0.693,2094,861,2144,1002
9.867,296,9,traffic light,0.647,538,0,603,135
9.867,296,2,car,0.632,1657,859,1749,976
9.867,296,2,car,0.536,152,809,346,925
9.867,296,2,car,0.529,1600,854,1708,957
9.867,296,2,car,0.525,0,821,237,941
9.867,296,7,truck,0.481,1275,804,1361,896
9.867,296,0,person,0.476,2157,865,2209,1029
9.867,296,2,car,0.439,1370,851,1420,891
9.867,296,2,car,0.413,2130,1024,2223,1189
9.9,297,2,car,0.84,1180,854,1286,934
9.9,297,0,person,0.698,2094,861,2143,1002
9.9,297,7,truck,0.696,1734,831,2058,1033
9.9,297,9,traffic light,0.653,538,0,604,135
9.9,297,2,car,0.646,1657,860,1749,976
9.9,297,2,car,0.544,153,809,346,925
9.9,297,2,car,0.527,0,821,238,941
9.9,297,2,car,0.515,1598,854,1707,957
9.9,297,7,truck,0.509,1275,804,1361,896
9.9,297,0,person,0.48,2157,865,2209,1029
9.9,297,2,car,0.458,1370,852,1420,890
9.9,297,2,car,0.422,2130,1024,2223,1188
9.933,298,0,person,0.645,2116,856,2164,996
9.933,298,2,car,0.639,1180,851,1284,928
9.933,298,2,car,0.569,1741,827,2084,1033
9.933,298,2,car,0.56,1663,855,1764,974
9.933,298,2,car,0.559,1602,852,1720,950
9.933,298,0,person,0.453,2177,849,2223,1036
9.933,298,2,car,0.444,0,825,152,944
9.933,298,7,truck,0.443,1274,798,1360,888
9.933,298,2,car,0.429,1372,846,1423,883
9.967,299,0,person,0.727,2121,842,2170,994
9.967,299,2,car,0.654,1178,843,1284,927
9.967,299,2,car,0.629,1668,851,1776,974
9.967,299,2,car,0.616,1602,850,1711,949
9.967,299,2,car,0.585,1749,819,2094,1031
9.967,299,2,car,0.517,109,814,324,937
9.967,299,7,truck,0.465,1750,821,2094,1029
9.967,299,2,car,0.46,0,825,134,944
9.967,299,0,person,0.428,2182,845,2223,998
10.0,300,0,person,0.727,2121,842,2170,995
10.0,300,2,car,0.657,1178,843,1284,927
10.0,300,2,car,0.629,1668,851,1776,974
10.0,300,2,car,0.61,1602,850,1711,949
10.0,300,2,car,0.581,1749,819,2094,1031
10.0,300,2,car,0.51,109,814,324,938
10.0,300,7,truck,0.465,1751,821,2094,1029
10.0,300,2,car,0.46,0,825,134,945
10.0,300,0,person,0.43,2182,845,2223,998
10.033,301,2,car,0.729,1178,835,1285,923
10.033,301,2,car,0.631,1679,845,1779,966
10.033,301,2,car,0.594,1765,815,2127,1031
10.033,301,2,car,0.58,1607,854,1718,946
10.033,301,0,person,0.535,2139,829,2194,988
10.033,301,2,car,0.504,0,819,77,942
10.033,301,2,car,0.486,94,811,312,929
10.033,301,7,truck,0.477,1765,816,2127,1030
10.033,301,2,car,0.449,1366,838,1420,876
10.033,301,2,car,0.409,1275,790,1360,881
10.067,302,2,car,0.751,1180,835,1284,918
10.067,302,2,car,0.651,1784,801,2161,1027
10.067,302,2,car,0.608,1614,831,1745,937
10.067,302,2,car,0.592,59,803,248,928
10.067,302,2,car,0.561,1694,839,1798,962
10.067,302,2,car,0.528,1368,828,1426,871
10.067,302,2,car,0.512,0,818,52,933
10.067,302,7,truck,0.458,1276,783,1356,877
10.067,302,2,car,0.423,0,819,81,940
10.1,303,2,car,0.748,1180,834,1284,918
10.1,303,2,car,0.675,1784,801,2161,1027
10.1,303,2,car,0.608,1614,830,1746,937
10.1,303,2,car,0.578,58,803,248,928
10.1,303,2,car,0.563,1694,839,1797,961
10.1,303,2,car,0.528,1368,828,1426,871
10.1,303,2,car,0.508,0,818,51,932
10.1,303,7,truck,0.473,1276,783,1357,877
10.1,303,2,car,0.414,0,819,80,939
10.133,304,2,car,0.75,1180,833,1284,918
10.133,304,2,car,0.691,1784,802,2160,1027
10.133,304,2,car,0.616,1613,830,1745,937
10.133,304,2,car,0.574,57,803,249,928
10.133,304,2,car,0.56,1693,839,1798,962
10.133,304,2,car,0.529,1368,828,1426,871
10.133,304,2,car,0.498,0,818,51,931
10.133,304,7,truck,0.464,1276,783,1357,877
10.133,304,2,car,0.406,0,820,80,939
10.167,305,2,car,0.755,1180,833,1284,918
10.167,305,2,car,0.694,1784,802,2160,1027
10.167,305,2,car,0.614,1614,830,1745,937
10.167,305,2,car,0.581,61,802,248,929
10.167,305,2,car,0.56,1694,840,1796,961
10.167,305,2,car,0.52,1368,828,1426,871
10.167,305,7,truck,0.484,1275,783,1357,877
10.167,305,2,car,0.469,0,818,50,931
10.2,306,2,car,0.758,1180,833,1283,918
10.2,306,2,car,0.671,1784,802,2162,1027
10.2,306,2,car,0.613,1614,830,1746,937
10.2,306,2,car,0.577,61,803,248,929
10.2,306,2,car,0.563,1694,840,1796,961
10.2,306,2,car,0.521,1368,828,1426,871
10.2,306,7,truck,0.509,1276,783,1357,877
10.2,306,2,car,0.452,0,818,48,931
10.2,306,0,person,0.411,44,824,94,935
10.233,307,2,car,0.741,1180,803,1284,890
10.233,307,2,car,0.697,1629,800,1790,911
10.233,307,2,car,0.638,1817,773,2224,1010
10.233,307,2,car,0.632,3,769,171,909
10.233,307,2,car,0.577,1719,807,1850,943
10.233,307,7,truck,0.544,1275,754,1356,849
10.233,307,2,car,0.528,1375,801,1427,840
10.233,307,7,truck,0.527,1815,772,2223,1012
10.267,308,2,car,0.733,1180,803,1284,890
10.267,308,2,car,0.706,1629,800,1789,911
10.267,308,2,car,0.632,1817,773,2224,1010
10.267,308,2,car,0.603,4,769,172,909
10.267,308,2,car,0.571,1719,807,1849,943
10.267,308,7,truck,0.554,1275,754,1356,849
10.267,308,7,truck,0.533,1815,772,2223,1011
10.267,308,2,car,0.515,1376,801,1427,840
10.3,309,2,car,0.734,1180,803,1284,890
10.3,309,2,car,0.706,1628,800,1787,911
10.3,309,2,car,0.623,1818,773,2224,1011
10.3,309,2,car,0.593,4,769,172,909
10.3,309,7,truck,0.574,1814,772,2223,1011
10.3,309,7,truck,0.573,1275,754,1357,849
10.3,309,2,car,0.563,1720,807,1849,943
10.3,309,2,car,0.521,1376,801,1427,840
10.333,310,2,car,0.698,1629,800,1789,912
10.333,310,2,car,0.671,1816,772,2224,1010
10.333,310,2,car,0.575,1720,807,1849,943
10.333,310,7,truck,0.514,1815,771,2223,1011
10.333,310,2,car,0.425,1179,798,1276,885
10.367,311,2,car,0.698,1629,800,1789,912
10.367,311,2,car,0.673,1816,772,2224,1010
10.367,311,2,car,0.575,1720,807,1850,943
10.367,311,7,truck,0.511,1815,771,2223,1011
10.367,311,2,car,0.423,1179,798,1276,886
10.4,312,2,car,0.754,1730,798,1855,928
10.4,312,7,truck,0.698,1837,756,2222,1001
10.4,312,2,car,0.647,1375,787,1429,826
10.4,312,2,car,0.62,1175,795,1283,873
10.4,312,2,car,0.617,1660,791,1787,900
10.4,312,7,truck,0.479,1276,740,1358,832
10.4,312,2,car,0.413,1835,756,2223,1005
10.433,313,2,car,0.798,1175,769,1280,852
10.433,313,2,car,0.796,1864,739,2223,986
10.433,313,2,car,0.701,1648,768,1799,886
10.433,313,2,car,0.642,1748,778,1903,922
10.433,313,2,car,0.59,1376,768,1431,810
10.433,313,7,truck,0.458,1274,720,1357,813
10.467,314,2,car,0.798,1175,769,1280,852
10.467,314,2,car,0.796,1864,739,2223,986
10.467,314,2,car,0.702,1648,768,1799,886
10.467,314,2,car,0.641,1748,778,1903,922
10.467,314,2,car,0.589,1376,768,1431,810
10.467,314,7,truck,0.458,1274,720,1357,813
10.5,315,2,car,0.778,1885,733,2222,990
10.5,315,2,car,0.752,1171,763,1278,846
10.5,315,2,car,0.695,1658,761,1815,885
10.5,315,2,car,0.656,1755,774,1911,912
10.5,315,2,car,0.633,1373,761,1431,803
10.5,315,7,truck,0.631,1883,729,2222,993
10.5,315,2,car,0.467,243,749,365,843
10.533,316,2,car,0.779,1885,733,2222,990
10.533,316,2,car,0.753,1171,763,1278,846
10.533,316,2,car,0.693,1658,761,1816,885
10.533,316,2,car,0.655,1755,774,1911,912
10.533,316,2,car,0.632,1373,761,1431,803
10.533,316,7,truck,0.629,1883,729,2222,993
10.533,316,2,car,0.464,243,749,365,843
10.567,317,7,truck,0.761,1894,730,2222,996
10.567,317,2,car,0.753,1171,760,1279,844
10.567,317,2,car,0.712,1758,772,1926,914
10.567,317,2,car,0.705,1894,732,2222,994
10.567,317,2,car,0.686,1372,760,1430,801
10.567,317,2,car,0.666,1660,762,1821,884
10.567,317,2,car,0.459,229,750,342,843
10.6,318,7,truck,0.839,1904,733,2223,999
10.6,318,2,car,0.756,1171,764,1278,845
10.6,318,2,car,0.683,1772,776,1936,924
10.6,318,2,car,0.648,1663,764,1823,887
10.6,318,2,car,0.643,1373,760,1430,801
10.6,318,2,car,0.497,229,751,327,828
10.633,319,7,truck,0.805,1912,735,2223,1009
10.633,319,2,car,0.733,1668,764,1830,889
10.633,319,2,car,0.716,1170,764,1275,847
10.633,319,2,car,0.657,1777,776,1946,929
10.633,319,2,car,0.618,1374,762,1432,806
10.633,319,2,car,0.476,1915,736,2222,1008
10.667,320,7,truck,0.805,1912,735,2223,1009
10.667,320,2,car,0.733,1668,764,1830,889
10.667,320,2,car,0.716,1170,765,1275,847
10.667,320,2,car,0.654,1776,776,1946,929
10.667,320,2,car,0.618,1374,762,1432,806
10.667,320,2,car,0.475,1915,736,2222,1008
10.7,321,7,truck,0.8,1912,735,2223,1009
10.7,321,2,car,0.725,1668,764,1831,889
10.7,321,2,car,0.699,1170,764,1275,847
10.7,321,2,car,0.65,1776,776,1945,929
10.7,321,2,car,0.61,1375,762,1432,806
10.7,321,2,car,0.489,1915,736,2222,1008
10.7,321,5,bus,0.43,1270,715,1352,810
10.733,322,2,car,0.815,1807,795,1997,963
10.733,322,2,car,0.748,1961,751,2223,1044
10.733,322,2,car,0.689,1683,782,1874,919
10.733,322,7,truck,0.613,1269,732,1347,823
10.733,322,2,car,0.606,1168,788,1276,867
10.733,322,2,car,0.584,1373,781,1431,823
10.733,322,11,stop sign,0.568,0,529,54,689
10.733,322,7,truck,0.503,1,739,118,878
10.733,322,2,car,0.456,265,755,538,860
10.767,323,2,car,0.811,1807,795,1997,963
10.767,323,2,car,0.735,1961,750,2223,1043
10.767,323,2,car,0.692,1683,782,1874,919
10.767,323,2,car,0.607,1168,789,1276,866
10.767,323,11,stop sign,0.6,0,530,54,689
10.767,323,7,truck,0.596,1269,732,1347,823
10.767,323,2,car,0.58,1373,781,1431,823
10.767,323,7,truck,0.514,1,740,118,878
10.767,323,2,car,0.463,266,755,539,860
10.8,324,2,car,0.779,1813,801,2011,971
10.8,324,2,car,0.774,1976,754,2222,1047
10.8,324,2,car,0.727,1688,785,1883,924
10.8,324,2,car,0.651,1168,791,1274,870
10.8,324,2,car,0.597,1374,785,1431,827
10.8,324,2,car,0.414,0,735,106,882
10.833,325,2,car,0.851,2001,766,2223,1019
10.833,325,2,car,0.786,1828,803,2072,979
10.833,325,2,car,0.77,1697,792,1895,931
10.833,325,2,car,0.669,1166,794,1274,879
10.833,325,2,car,0.641,1376,788,1434,836
10.833,325,7,truck,0.449,1263,741,1349,839
10.833,325,2,car,0.44,168,779,348,881
10.833,325,2,car,0.416,180,767,490,875
10.867,326,2,car,0.85,2002,766,2223,1019
10.867,326,2,car,0.789,1828,803,2072,979
10.867,326,2,car,0.768,1697,792,1895,931
10.867,326,2,car,0.678,1166,794,1274,879
10.867,326,2,car,0.649,1376,788,1434,836
10.867,326,7,truck,0.452,1264,741,1349,839
10.867,326,2,car,0.427,168,778,349,881
10.867,326,2,car,0.426,176,766,491,876
10.867,326,2,car,0.403,0,750,83,892
10.9,327,2,car,0.837,2018,767,2223,1023
10.9,327,2,car,0.787,1841,803,2081,980
10.9,327,2,car,0.783,1701,793,1901,932
10.9,327,2,car,0.663,1166,797,1272,879
10.9,327,2,car,0.617,1376,790,1435,837
10.9,327,2,car,0.591,161,767,467,880
10.9,327,7,truck,0.521,1264,742,1350,840
10.9,327,5,bus,0.426,1265,744,1350,839
10.933,328,2,car,0.827,2037,770,2222,1032
10.933,328,2,car,0.78,1851,803,2104,986
10.933,328,2,car,0.763,1707,794,1911,937
10.933,328,2,car,0.64,1166,798,1273,879
10.933,328,2,car,0.63,340,772,479,868
10.933,328,2,car,0.55,1378,790,1437,837
10.933,328,7,truck,0.444,1267,742,1350,840
10.933,328,2,car,0.435,128,774,315,884
10.967,329,2,car,0.815,1714,793,1922,936
10.967,329,2,car,0.812,1861,802,2110,986
10.967,329,2,car,0.803,2052,760,2222,1036
10.967,329,2,car,0.641,1166,796,1273,879
10.967,329,2,car,0.583,1377,789,1438,837
10.967,329,7,truck,0.413,1264,741,1349,840
11.0,330,2,car,0.825,1871,802,2143,991
11.0,330,2,car,0.792,2072,763,2222,1037
11.0,330,2,car,0.782,1166,793,1272,877
11.0,330,2,car,0.755,100,759,424,885
11.0,330,2,car,0.73,1720,790,1931,940
11.0,330,2,car,0.61,1379,787,1436,835
11.033,331,2,car,0.831,1872,802,2143,991
11.033,331,2,car,0.79,2072,762,2222,1037
11.033,331,2,car,0.789,1166,794,1272,877
11.033,331,2,car,0.752,1720,790,1931,940
11.033,331,2,car,0.74,100,760,424,886
11.033,331,2,car,0.622,1379,787,1436,835
11.067,332,2,car,0.83,1871,802,2143,991
11.067,332,2,car,0.789,1166,793,1272,877
11.067,332,2,car,0.786,2072,763,2222,1037
11.067,332,2,car,0.746,1720,790,1930,940
11.067,332,2,car,0.738,99,759,423,887
11.067,332,2,car,0.624,1379,787,1436,835
11.1,333,2,car,0.738,1736,783,1955,935
11.1,333,2,car,0.693,2123,835,2223,1041
11.1,333,2,car,0.687,0,753,374,892
11.1,333,2,car,0.664,1900,795,2211,998
11.1,333,2,car,0.615,1165,791,1274,870
11.1,333,2,car,0.613,1381,784,1439,827
11.1,333,7,truck,0.431,1266,733,1347,826
11.133,334,2,car,0.755,1,751,366,893
11.133,334,2,car,0.751,1741,779,1966,938
11.133,334,2,car,0.737,1915,793,2221,999
11.133,334,2,car,0.73,2141,831,2223,1044
11.133,334,2,car,0.643,1164,793,1275,865
11.133,334,2,car,0.496,1379,781,1440,826
11.133,334,7,truck,0.458,1266,731,1347,821
11.167,335,2,car,0.749,1,751,367,892
11.167,335,2,car,0.74,1741,779,1966,937
11.167,335,2,car,0.731,2142,831,2223,1044
11.167,335,2,car,0.717,1914,793,2221,1000
11.167,335,2,car,0.65,1164,793,1275,865
11.167,335,2,car,0.498,1379,781,1440,826
11.167,335,7,truck,0.438,1266,730,1347,821
11.2,336,2,car,0.752,1762,777,2016,943
11.2,336,2,car,0.738,1951,795,2222,1020
11.2,336,2,car,0.66,1162,783,1274,867
11.2,336,7,truck,0.524,1266,729,1348,821
11.2,336,2,car,0.485,0,748,255,887
11.2,336,2,car,0.455,1382,779,1444,825
11.233,337,2,car,0.744,1762,777,2022,943
11.233,337,2,car,0.732,1951,796,2223,1020
11.233,337,2,car,0.659,1162,783,1274,867
11.233,337,7,truck,0.512,1266,729,1347,821
11.233,337,2,car,0.477,1381,779,1444,825
11.233,337,2,car,0.418,0,748,257,887
11.267,338,2,car,0.779,1962,795,2223,1023
11.267,338,2,car,0.726,1772,778,2040,944
11.267,338,2,car,0.649,1161,783,1274,867
11.267,338,2,car,0.588,0,743,246,892
11.267,338,7,truck,0.514,1265,729,1347,820
11.267,338,2,car,0.478,1385,779,1445,826
11.3,339,2,car,0.789,1988,796,2222,1033
11.3,339,2,car,0.694,1160,793,1270,869
11.3,339,2,car,0.65,1784,781,2074,950
11.3,339,7,truck,0.538,1264,730,1348,824
11.3,339,2,car,0.514,55,770,229,879
11.3,339,2,car,0.509,1386,781,1446,827
11.3,339,2,car,0.467,291,776,415,863
11.333,340,2,car,0.888,2005,798,2223,1038
11.333,340,2,car,0.754,1791,783,2087,955
11.333,340,2,car,0.751,1159,795,1270,870
11.333,340,2,car,0.532,30,772,223,879
11.333,340,2,car,0.514,1385,782,1446,828
11.333,340,7,truck,0.503,1264,730,1348,830
11.333,340,2,car,0.438,79,773,225,874
11.367,341,2,car,0.887,2005,798,2223,1038
11.367,341,2,car,0.754,1791,783,2088,955
11.367,341,2,car,0.75,1159,794,1270,870
11.367,341,2,car,0.532,30,772,223,879
11.367,341,2,car,0.518,1385,782,1446,828
11.367,341,7,truck,0.504,1264,730,1348,830
11.367,341,2,car,0.438,79,773,225,874
11.4,342,2,car,0.893,2005,798,2223,1038
11.4,342,2,car,0.752,1791,783,2088,955
11.4,342,2,car,0.751,1159,795,1270,870
11.4,342,2,car,0.526,1385,782,1446,828
11.4,342,2,car,0.524,31,772,223,879
11.4,342,7,truck,0.506,1264,730,1348,830
11.4,342,2,car,0.436,80,773,225,875
11.433,343,2,car,0.889,2004,799,2223,1038
11.433,343,2,car,0.756,1159,795,1270,870
11.433,343,2,car,0.755,1791,783,2089,955
11.433,343,2,car,0.53,27,772,223,880
11.433,343,2,car,0.515,1385,782,1446,828
11.433,343,7,truck,0.514,1264,730,1348,830
11.467,344,2,car,0.802,2054,809,2222,1028
11.467,344,2,car,0.792,1160,795,1270,876
11.467,344,2,car,0.637,1818,787,2139,971
11.467,344,2,car,0.62,1386,786,1452,835
11.467,344,2,car,0.44,0,774,169,886
11.467,344,5,bus,0.435,1262,735,1348,832
11.5,345,2,car,0.784,1827,788,2160,977
11.5,345,2,car,0.772,2068,814,2223,1026
11.5,345,2,car,0.684,1160,794,1270,877
11.5,345,2,car,0.631,0,778,161,894
11.5,345,2,car,0.596,1389,787,1455,837
11.5,345,5,bus,0.536,1264,736,1347,833
11.533,346,2,car,0.781,1833,787,2179,975
11.533,346,2,car,0.734,1160,795,1270,879
11.533,346,2,car,0.71,2087,815,2223,1030
11.533,346,2,car,0.679,1388,788,1454,838
11.533,346,5,bus,0.498,1263,737,1346,835
11.533,346,2,car,0.425,0,780,155,895
11.567,347,2,car,0.74,2125,843,2223,1038
11.567,347,5,bus,0.653,1264,738,1347,838
11.567,347,2,car,0.646,1159,796,1271,881
11.567,347,2,car,0.594,1392,789,1457,839
11.567,347,2,car,0.578,1853,791,2219,988
11.6,348,2,car,0.736,2125,842,2223,1038
11.6,348,2,car,0.657,1159,796,1272,881
11.6,348,5,bus,0.649,1264,738,1347,838
11.6,348,2,car,0.608,1391,788,1457,839
11.6,348,2,car,0.563,1853,791,2220,988
11.633,349,2,car,0.752,1157,796,1271,883
11.633,349,7,truck,0.578,1870,793,2223,1028
11.633,349,2,car,0.56,1392,794,1458,841
11.633,349,2,car,0.507,1869,793,2224,1005
11.633,349,5,bus,0.506,1262,740,1350,839
11.667,350,2,car,0.748,1158,796,1271,883
11.667,350,7,truck,0.573,1870,793,2223,1028
11.667,350,2,car,0.561,1392,794,1458,841
11.667,350,5,bus,0.51,1262,740,1350,839
11.667,350,2,car,0.51,1869,793,2224,1006
11.7,351,2,car,0.672,1156,799,1271,885
11.7,351,2,car,0.571,1393,793,1458,842
11.7,351,5,bus,0.568,1261,741,1349,840
11.7,351,2,car,0.565,1883,795,2224,1005
11.7,351,7,truck,0.484,1881,795,2223,1004
11.733,352,2,car,0.717,0,790,110,907
11.733,352,2,car,0.652,1156,804,1272,888
11.733,352,2,car,0.624,1893,796,2224,1008
11.733,352,2,car,0.602,1393,794,1459,843
11.733,352,5,bus,0.592,1261,742,1350,841
11.767,353,2,car,0.718,0,790,110,907
11.767,353,2,car,0.67,1155,805,1272,888
11.767,353,2,car,0.626,1893,796,2224,1007
11.767,353,2,car,0.609,1392,794,1459,843
11.767,353,5,bus,0.581,1261,742,1349,841
11.8,354,2,car,0.694,1156,804,1270,887
11.8,354,7,truck,0.551,1927,796,2222,1020
11.8,354,2,car,0.539,1398,794,1464,845
11.8,354,2,car,0.496,1925,796,2223,1020
11.8,354,5,bus,0.46,1256,743,1350,841
11.833,355,2,car,0.695,1156,805,1270,887
11.833,355,2,car,0.536,1398,794,1464,845
11.833,355,2,car,0.52,1925,796,2223,1020
11.833,355,7,truck,0.506,1927,796,2223,1019
11.833,355,5,bus,0.466,1257,743,1350,841
11.867,356,2,car,0.66,1156,805,1271,889
11.867,356,2,car,0.551,1939,796,2222,1020
11.867,356,5,bus,0.492,1257,743,1350,842
11.867,356,2,car,0.438,1399,793,1464,844
11.9,357,2,car,0.66,1156,805,1272,889
11.9,357,2,car,0.562,1939,796,2222,1020
11.9,357,5,bus,0.488,1257,743,1350,842
11.9,357,2,car,0.44,1399,793,1464,844
11.933,358,2,car,0.669,1156,805,1272,889
11.933,358,2,car,0.557,1939,796,2222,1020
11.933,358,5,bus,0.496,1257,742,1351,842
11.933,358,2,car,0.454,1399,793,1463,844
11.967,359,2,car,0.725,1155,801,1271,885
11.967,359,7,truck,0.541,1952,796,2223,1022
11.967,359,2,car,0.512,1399,793,1467,844
11.967,359,5,bus,0.505,1258,743,1350,841
11.967,359,2,car,0.413,1952,796,2223,1023
12.0,360,2,car,0.775,1993,788,2223,1030
12.0,360,2,car,0.759,1157,796,1271,881
12.0,360,2,car,0.59,1401,790,1471,841
12.0,360,5,bus,0.546,1259,737,1350,839
12.033,361,2,car,0.801,1156,797,1273,879
12.033,361,2,car,0.67,2023,783,2222,1021
12.033,361,2,car,0.544,1402,786,1475,838
12.067,362,2,car,0.802,1156,796,1273,879
12.067,362,2,car,0.669,2023,783,2222,1020
12.067,362,2,car,0.544,1401,786,1475,838
12.1,363,2,car,0.761,2050,785,2222,1009
12.1,363,2,car,0.751,1155,792,1274,874
12.1,363,5,bus,0.503,1263,729,1354,830
12.1,363,2,car,0.435,1402,782,1478,835
12.133,364,2,car,0.766,2051,786,2222,1009
12.133,364,2,car,0.741,1156,793,1274,874
12.133,364,5,bus,0.502,1263,729,1354,829
12.133,364,2,car,0.461,1403,783,1479,835
12.167,365,2,car,0.641,1156,789,1275,871
12.167,365,5,bus,0.541,1264,727,1355,827
12.167,365,2,car,0.531,1407,781,1483,833
12.167,365,0,person,0.519,2069,780,2118,899
12.167,365,2,car,0.492,2081,792,2222,1010
12.2,366,2,car,0.641,1156,788,1275,871
12.2,366,5,bus,0.547,1264,727,1354,827
12.2,366,2,car,0.54,1408,780,1483,833
12.2,366,0,person,0.517,2070,780,2118,900
12.2,366,2,car,0.507,2082,792,2222,1010
12.233,367,2,car,0.595,1155,787,1275,871
12.233,367,2,car,0.528,1408,780,1484,832
12.233,367,0,person,0.512,2069,781,2118,899
12.233,367,5,bus,0.491,1267,727,1354,823
12.233,367,2,car,0.486,2081,792,2222,1010
12.233,367,7,truck,0.469,1267,726,1353,825
12.267,368,2,car,0.593,1155,786,1275,870
12.267,368,0,person,0.511,2069,781,2118,899
12.267,368,2,car,0.509,1408,780,1484,832
12.267,368,2,car,0.484,2081,792,2222,1010
12.267,368,5,bus,0.481,1267,727,1353,824
12.267,368,7,truck,0.464,1267,726,1353,825
12.3,369,2,car,0.666,1408,775,1490,831
12.3,369,2,car,0.651,1155,790,1275,870
12.3,369,0,person,0.545,2104,786,2151,886
12.3,369,7,truck,0.539,1267,724,1354,825
12.3,369,5,bus,0.519,1266,725,1356,825
12.3,369,2,car,0.49,2152,842,2223,1024
12.333,370,2,car,0.68,1408,775,1490,831
12.333,370,2,car,0.648,1155,791,1275,870
12.333,370,7,truck,0.525,1268,725,1354,825
12.333,370,0,person,0.52,2104,786,2151,886
12.333,370,5,bus,0.49,1266,726,1356,825
12.333,370,2,car,0.489,2151,842,2223,1024
12.367,371,2,car,0.681,1408,775,1490,831
12.367,371,2,car,0.629,1155,791,1275,870
12.367,371,7,truck,0.511,1267,725,1355,825
12.367,371,0,person,0.495,2104,786,2151,886
12.367,371,5,bus,0.487,1266,726,1356,825
12.367,371,2,car,0.472,2152,843,2223,1024
12.4,372,0,person,0.657,2137,785,2184,891
12.4,372,2,car,0.651,1156,791,1276,873
12.4,372,2,car,0.577,1412,780,1489,834
12.4,372,7,truck,0.48,1268,726,1357,827
12.433,373,0,person,0.668,2145,781,2199,892
12.433,373,2,car,0.662,1156,792,1276,873
12.433,373,2,car,0.478,1417,781,1494,835
12.433,373,7,truck,0.473,1268,726,1357,828
12.433,373,5,bus,0.418,1266,727,1359,827
12.467,374,0,person,0.669,2145,781,2199,892
12.467,374,2,car,0.661,1156,792,1276,873
12.467,374,2,car,0.475,1417,781,1494,835
12.467,374,7,truck,0.474,1268,726,1357,828
12.467,374,5,bus,0.418,1266,727,1359,827
12.5,375,0,person,0.664,2145,781,2199,892
12.5,375,2,car,0.66,1156,792,1276,873
12.5,375,7,truck,0.478,1268,726,1357,828
12.5,375,2,car,0.476,1417,781,1494,835
12.5,375,5,bus,0.419,1266,727,1359,827
12.533,376,2,car,0.703,1158,788,1277,877
12.533,376,2,car,0.5,1426,783,1503,840
12.567,377,2,car,0.701,1158,786,1277,877
12.567,377,2,car,0.488,1426,783,1504,840
12.6,378,2,car,0.632,1159,786,1278,878
12.6,378,2,car,0.478,1421,782,1506,839
12.6,378,11,stop sign,0.432,677,452,753,509
12.633,379,2,car,0.66,1158,788,1277,878
12.633,379,2,car,0.484,1421,781,1507,839
12.633,379,11,stop sign,0.466,677,452,753,509
12.633,379,7,truck,0.42,1267,728,1359,830
12.667,380,2,car,0.647,1159,788,1277,878
12.667,380,2,car,0.466,1423,781,1505,838
12.667,380,11,stop sign,0.46,677,452,753,509
12.7,381,2,car,0.668,1158,788,1278,878
12.7,381,11,stop sign,0.482,677,452,753,510
12.7,381,2,car,0.446,1422,782,1504,839
12.733,382,2,car,0.66,1161,798,1280,880
12.733,382,2,car,0.589,1429,784,1516,841
12.733,382,5,bus,0.457,1268,731,1363,831
12.733,382,7,truck,0.414,1268,733,1364,832
12.767,383,2,car,0.661,1161,798,1280,880
12.767,383,2,car,0.589,1429,784,1516,841
12.767,383,5,bus,0.456,1268,731,1363,831
12.767,383,7,truck,0.413,1268,733,1364,832
12.8,384,2,car,0.643,1161,802,1281,880
12.8,384,2,car,0.64,1428,785,1517,842
12.8,384,7,truck,0.463,1269,734,1366,831
12.8,384,5,bus,0.448,1270,732,1365,831
12.833,385,2,car,0.627,1432,785,1521,843
12.833,385,2,car,0.617,1160,803,1282,882
12.833,385,7,truck,0.468,1272,737,1368,832
12.867,386,2,car,0.627,1432,785,1521,843
12.867,386,2,car,0.617,1160,803,1282,882
12.867,386,7,truck,0.468,1272,737,1368,832
12.9,387,2,car,0.627,1432,785,1521,843
12.9,387,2,car,0.617,1160,803,1282,882
12.9,387,7,truck,0.468,1272,737,1368,832
12.933,388,2,car,0.627,1432,785,1521,843
12.933,388,2,car,0.617,1160,803,1282,882
12.933,388,7,truck,0.468,1272,737,1368,832
12.967,389,2,car,0.697,1160,806,1283,883
12.967,389,2,car,0.547,1435,786,1525,844
12.967,389,7,truck,0.461,1275,738,1369,835
13.0,390,2,car,0.699,1160,806,1283,883
13.0,390,2,car,0.547,1435,786,1525,844
13.0,390,7,truck,0.462,1275,738,1369,835
13.033,391,2,car,0.699,1160,806,1283,883
13.033,391,2,car,0.547,1435,786,1525,844
13.033,391,7,truck,0.462,1275,738,1369,835
13.067,392,2,car,0.704,1439,786,1537,849
13.067,392,2,car,0.692,1160,804,1283,885
13.067,392,5,bus,0.515,1275,735,1366,838
13.067,392,7,truck,0.514,1274,736,1368,839
13.067,392,11,stop sign,0.477,2177,366,2223,545
13.1,393,2,car,0.704,1439,786,1537,849
13.1,393,2,car,0.692,1160,804,1283,885
13.1,393,5,bus,0.515,1275,735,1366,838
13.1,393,7,truck,0.513,1274,736,1368,839
13.1,393,11,stop sign,0.477,2177,366,2223,545
13.133,394,2,car,0.674,1161,803,1282,885
13.133,394,2,car,0.661,1440,786,1535,849
13.133,394,5,bus,0.534,1273,737,1370,839
13.133,394,7,truck,0.491,1275,735,1367,839
13.167,395,2,car,0.653,1448,789,1545,853
13.167,395,2,car,0.65,1161,802,1283,885
13.167,395,5,bus,0.55,1273,737,1366,840
13.167,395,7,truck,0.447,1274,736,1364,839
13.2,396,2,car,0.651,1448,789,1546,853
13.2,396,2,car,0.649,1161,802,1283,885
13.2,396,5,bus,0.544,1272,737,1366,840
13.2,396,7,truck,0.455,1274,736,1364,839
13.233,397,2,car,0.652,1448,789,1546,854
13.233,397,2,car,0.649,1161,802,1283,885
13.233,397,5,bus,0.548,1272,737,1366,840
13.233,397,7,truck,0.461,1273,736,1364,839
13.267,398,2,car,0.647,1161,802,1283,885
13.267,398,2,car,0.644,1449,789,1546,854
13.267,398,5,bus,0.562,1272,737,1366,840
13.267,398,7,truck,0.47,1274,736,1364,839
13.3,399,2,car,0.709,1446,787,1544,854
13.3,399,2,car,0.632,1161,802,1284,884
13.3,399,5,bus,0.568,1273,738,1367,840
13.3,399,7,truck,0.431,1274,736,1364,839
13.333,400,2,car,0.679,1452,791,1550,854
13.333,400,2,car,0.676,1160,798,1285,886
13.333,400,7,truck,0.508,1278,736,1367,839
13.367,401,2,car,0.681,1453,791,1550,854
13.367,401,2,car,0.664,1160,797,1285,886
13.367,401,7,truck,0.497,1278,736,1367,839
13.4,402,2,car,0.704,1160,792,1285,888
13.4,402,2,car,0.663,1453,791,1555,854
13.4,402,7,truck,0.467,1278,735,1368,839
13.433,403,2,car,0.701,1159,793,1285,888
13.433,403,2,car,0.67,1453,791,1556,854
13.433,403,7,truck,0.463,1278,735,1368,839
13.467,404,2,car,0.756,1456,794,1560,856
13.467,404,2,car,0.701,1160,783,1288,890
13.467,404,7,truck,0.452,1277,734,1368,839
13.467,404,5,bus,0.435,1277,734,1369,838
13.467,404,5,bus,0.42,2071,400,2223,820
13.5,405,2,car,0.776,1455,789,1564,857
13.5,405,2,car,0.69,1160,787,1289,890
13.5,405,5,bus,0.476,1278,734,1369,838
13.5,405,7,truck,0.47,1276,735,1368,838
13.5,405,0,person,0.425,1726,788,1755,848
13.533,406,2,car,0.721,1457,787,1566,856
13.533,406,2,car,0.697,1160,786,1289,890
13.533,406,7,truck,0.501,1276,735,1369,838
13.533,406,5,bus,0.467,1277,735,1370,837
13.533,406,2,car,0.41,17,763,137,884
13.567,407,2,car,0.729,1459,787,1570,857
13.567,407,2,car,0.705,1159,787,1289,890
13.567,407,2,car,0.52,1398,782,1477,833
13.567,407,7,truck,0.453,1277,735,1374,837
13.6,408,2,car,0.725,1158,787,1290,891
13.6,408,2,car,0.602,1461,787,1573,856
13.6,408,2,car,0.53,0,763,111,892
13.6,408,7,truck,0.453,1278,734,1384,836
13.6,408,2,car,0.428,1398,782,1476,833
13.6,408,2,car,0.413,816,774,918,831
13.6,408,5,bus,0.405,1278,733,1380,838
13.633,409,2,car,0.73,1159,791,1289,890
13.633,409,2,car,0.636,1461,785,1577,856
13.633,409,2,car,0.581,2,763,105,887
13.633,409,7,truck,0.477,1277,732,1390,836
13.633,409,2,car,0.461,817,771,918,831
13.633,409,5,bus,0.425,1277,732,1382,837
13.667,410,2,car,0.747,1159,791,1290,890
13.667,410,2,car,0.627,1461,785,1578,856
13.667,410,2,car,0.584,2,763,105,886
13.667,410,7,truck,0.494,1277,732,1388,836
13.667,410,2,car,0.457,817,771,917,831
13.7,411,2,car,0.755,1159,792,1289,890
13.7,411,2,car,0.647,1461,785,1577,856
13.7,411,2,car,0.589,2,763,105,888
13.7,411,7,truck,0.507,1277,731,1388,836
13.7,411,2,car,0.435,819,771,919,831
13.733,412,2,car,0.699,1465,786,1582,856
13.733,412,2,car,0.638,1159,798,1288,890
13.733,412,2,car,0.567,781,770,926,835
13.733,412,2,car,0.5,425,761,552,851
13.733,412,7,truck,0.45,1277,730,1384,834
13.733,412,2,car,0.441,1401,782,1478,833
13.733,412,5,bus,0.405,1278,731,1379,835
13.767,413,2,car,0.583,1160,798,1288,890
13.767,413,2,car,0.578,776,770,924,839
13.767,413,2,car,0.548,1467,786,1583,856
13.767,413,7,truck,0.497,1278,731,1374,835
13.767,413,5,bus,0.456,1278,732,1374,835
13.8,414,2,car,0.597,1160,797,1288,890
13.8,414,2,car,0.586,777,770,923,839
13.8,414,2,car,0.532,1467,786,1583,856
13.8,414,7,truck,0.495,1277,731,1375,835
13.8,414,5,bus,0.452,1277,731,1375,835
13.833,415,2,car,0.57,1160,795,1287,890
13.833,415,2,car,0.541,777,770,923,838
13.833,415,2,car,0.509,1468,788,1580,856
13.833,415,7,truck,0.474,1277,731,1375,835
13.833,415,5,bus,0.473,1277,732,1376,835
13.867,416,2,car,0.651,1476,790,1591,860
13.867,416,2,car,0.56,1161,800,1288,888
13.867,416,2,car,0.471,1406,782,1488,836
13.867,416,2,car,0.456,777,770,913,834
13.867,416,7,truck,0.451,1277,731,1380,835
13.867,416,5,bus,0.447,1277,732,1381,835
13.9,417,2,car,0.649,1476,790,1591,860
13.9,417,2,car,0.557,1161,801,1288,888
13.9,417,5,bus,0.464,1277,731,1380,835
13.9,417,2,car,0.446,1406,782,1488,836
13.9,417,7,truck,0.442,1277,731,1379,835
13.9,417,2,car,0.439,762,770,914,834
13.933,418,2,car,0.625,1474,789,1592,859
13.933,418,2,car,0.557,1161,801,1288,889
13.933,418,5,bus,0.475,1277,731,1382,835
13.933,418,7,truck,0.462,1277,730,1381,835
13.933,418,2,car,0.452,762,770,914,834
13.933,418,2,car,0.418,1406,782,1488,836
13.967,419,2,car,0.652,1485,792,1600,864
13.967,419,2,car,0.636,742,772,913,844
13.967,419,2,car,0.583,1165,791,1287,888
13.967,419,5,bus,0.484,1276,733,1374,838
13.967,419,2,car,0.455,1407,782,1492,836
13.967,419,7,truck,0.438,1276,733,1373,837
13.967,419,0,person,0.421,1779,788,1811,853
14.0,420,2,car,0.685,1481,793,1603,865
14.0,420,2,car,0.589,1161,796,1287,888
14.0,420,2,car,0.569,737,772,907,843
14.0,420,2,car,0.542,1408,783,1494,836
14.0,420,2,car,0.524,793,773,907,839
14.0,420,5,bus,0.48,1276,733,1374,838
14.0,420,7,truck,0.409,1276,733,1373,837
14.033,421,2,car,0.681,1481,792,1603,864
14.033,421,2,car,0.598,1161,796,1287,889
14.033,421,2,car,0.538,1408,783,1494,836
14.033,421,2,car,0.536,737,772,907,843
14.033,421,2,car,0.513,794,772,907,839
14.033,421,5,bus,0.485,1276,733,1373,838
14.033,421,7,truck,0.412,1276,732,1372,837
14.067,422,2,car,0.69,1483,792,1605,865
14.067,422,2,car,0.596,1161,796,1287,888
14.067,422,2,car,0.584,731,772,912,843
14.067,422,2,car,0.553,1409,783,1496,837
14.067,422,2,car,0.46,282,759,433,871
14.067,422,5,bus,0.443,1275,733,1373,839
14.067,422,7,truck,0.422,1276,732,1372,837
14.1,423,2,car,0.679,1484,793,1606,865
14.1,423,2,car,0.611,729,772,917,844
14.1,423,2,car,0.567,1409,783,1496,837
14.1,423,2,car,0.55,1163,785,1287,887
14.1,423,5,bus,0.481,1275,733,1373,839
14.1,423,2,car,0.44,282,759,433,871
14.1,423,2,car,0.423,795,772,908,839
14.1,423,7,truck,0.42,1276,732,1371,837
14.133,424,2,car,0.604,1486,794,1609,868
14.133,424,2,car,0.602,1411,783,1498,840
14.133,424,2,car,0.585,1159,796,1288,889
14.133,424,2,car,0.549,716,774,910,846
14.133,424,7,truck,0.433,1277,733,1376,837
14.133,424,5,bus,0.406,1277,733,1373,839
14.167,425,2,car,0.671,1411,783,1498,840
14.167,425,2,car,0.632,1158,797,1287,887
14.167,425,2,car,0.6,1500,796,1612,869
14.167,425,2,car,0.527,718,775,907,846
14.167,425,7,truck,0.427,1278,734,1374,837
14.167,425,5,bus,0.411,1277,733,1372,839
14.2,426,2,car,0.718,1413,783,1504,841
14.2,426,2,car,0.637,1157,800,1286,887
14.2,426,2,car,0.611,1495,792,1617,870
14.2,426,2,car,0.571,710,773,910,846
14.2,426,7,truck,0.424,1278,735,1383,837
14.2,426,5,bus,0.414,1277,735,1390,837
14.233,427,2,car,0.723,1413,783,1504,841
14.233,427,2,car,0.639,1157,800,1287,886
14.233,427,2,car,0.613,1495,792,1617,870
14.233,427,2,car,0.583,710,773,910,846
14.233,427,7,truck,0.445,1278,735,1386,837
14.233,427,5,bus,0.42,1277,735,1392,837
14.267,428,2,car,0.737,1413,782,1504,842
14.267,428,2,car,0.63,1157,799,1287,886
14.267,428,2,car,0.604,1495,792,1617,870
14.267,428,2,car,0.575,706,773,908,845
14.3,429,2,car,0.727,1414,782,1504,842
14.3,429,2,car,0.646,1157,799,1287,886
14.3,429,2,car,0.608,1495,791,1617,870
14.3,429,2,car,0.587,705,773,908,846
14.3,429,5,bus,0.411,1277,735,1383,837
14.3,429,7,truck,0.401,1278,735,1378,837
14.333,430,2,car,0.687,679,769,889,852
14.333,430,2,car,0.653,1156,800,1285,887
14.333,430,2,car,0.649,1416,782,1505,843
14.333,430,2,car,0.637,1492,790,1622,869
14.367,431,2,car,0.701,678,769,889,852
14.367,431,2,car,0.655,1415,782,1505,843
14.367,431,2,car,0.637,1156,801,1285,887
14.367,431,2,car,0.632,1492,790,1622,869
14.4,432,2,car,0.708,681,770,889,852
14.4,432,2,car,0.663,1416,782,1505,843
14.4,432,2,car,0.65,1155,801,1285,888
14.4,432,2,car,0.624,1493,791,1622,869
14.433,433,2,car,0.722,1156,799,1283,887
14.433,433,2,car,0.67,1416,784,1511,844
14.433,433,2,car,0.63,1506,793,1632,873
14.433,433,2,car,0.534,658,768,868,853
14.467,434,2,car,0.722,1156,799,1283,887
14.467,434,2,car,0.671,1416,784,1511,844
14.467,434,2,car,0.628,1506,793,1632,873
14.467,434,2,car,0.525,658,768,868,853
14.5,435,2,car,0.721,1156,799,1283,887
14.5,435,2,car,0.673,1416,784,1511,844
14.5,435,2,car,0.63,1506,793,1632,873
14.5,435,2,car,0.513,658,768,867,853
14.533,436,2,car,0.75,1153,795,1282,889
14.533,436,2,car,0.628,1510,794,1634,875
14.533,436,2,car,0.538,655,771,853,857
14.533,436,2,car,0.51,1416,785,1510,845
14.533,436,0,person,0.441,1724,788,1757,856
14.567,437,2,car,0.747,1153,795,1282,889
14.567,437,2,car,0.614,1511,794,1635,875
14.567,437,2,car,0.52,654,771,853,856
14.567,437,2,car,0.513,1416,785,1510,845
14.567,437,0,person,0.438,1724,788,1757,856
14.6,438,2,car,0.743,1153,795,1283,889
14.6,438,2,car,0.624,1509,793,1635,875
14.6,438,2,car,0.522,1417,785,1510,845
14.6,438,2,car,0.519,654,772,853,856
14.6,438,0,person,0.413,1724,789,1756,856
14.633,439,2,car,0.731,1150,794,1280,894
14.633,439,2,car,0.722,1419,786,1517,847
14.633,439,2,car,0.606,1531,798,1646,879
14.633,439,9,traffic light,0.535,2097,463,2148,540
14.667,440,2,car,0.735,1149,794,1280,894
14.667,440,2,car,0.72,1419,786,1517,847
14.667,440,2,car,0.594,1531,798,1645,879
14.667,440,9,traffic light,0.566,2098,463,2148,540
14.7,441,2,car,0.742,1148,794,1278,894
14.7,441,2,car,0.728,1419,786,1519,847
14.7,441,2,car,0.633,1539,797,1651,881
14.7,441,2,car,0.436,632,796,778,869
14.7,441,2,car,0.431,630,772,817,867
14.7,441,0,person,0.42,1745,789,1777,863
14.733,442,2,car,0.734,1148,794,1278,894
14.733,442,2,car,0.729,1419,786,1518,847
14.733,442,2,car,0.624,1539,798,1652,881
14.733,442,2,car,0.427,631,798,776,869
14.733,442,2,car,0.407,628,772,817,866
14.733,442,0,person,0.407,1746,790,1778,863
14.767,443,2,car,0.731,1148,794,1278,894
14.767,443,2,car,0.729,1419,786,1518,847
14.767,443,2,car,0.626,1539,798,1652,881
14.767,443,2,car,0.422,631,798,776,869
14.767,443,0,person,0.41,1746,790,1778,863
14.767,443,2,car,0.402,628,772,818,866
14.8,444,2,car,0.74,1419,786,1519,848
14.8,444,2,car,0.739,1147,794,1278,894
14.8,444,2,car,0.628,1538,797,1651,881
14.8,444,2,car,0.419,630,797,778,869
14.8,444,2,car,0.405,627,772,818,866
14.833,445,2,car,0.76,1144,797,1277,891
14.833,445,2,car,0.686,1509,795,1659,880
14.833,445,2,car,0.605,1417,784,1518,846
14.833,445,9,traffic light,0.503,2161,431,2213,552
14.833,445,2,car,0.409,513,770,602,837
14.867,446,2,car,0.759,1144,796,1277,891
14.867,446,2,car,0.687,1508,795,1659,880
14.867,446,2,car,0.595,1417,784,1519,846
14.867,446,9,traffic light,0.508,2161,431,2213,554
14.867,446,2,car,0.42,513,771,602,837
14.9,447,2,car,0.766,1144,796,1277,891
14.9,447,2,car,0.671,1508,795,1659,880
14.9,447,2,car,0.595,1417,784,1519,846
14.9,447,9,traffic light,0.508,2161,430,2213,555
14.9,447,2,car,0.423,512,770,604,836
14.933,448,2,car,0.778,1418,784,1522,846
14.933,448,2,car,0.687,1145,802,1277,892
14.933,448,2,car,0.665,1552,794,1660,881
14.933,448,2,car,0.493,505,775,594,837
14.967,449,2,car,0.786,1418,784,1522,846
14.967,449,2,car,0.676,1553,792,1662,881
14.967,449,2,car,0.661,1143,801,1276,890
14.967,449,0,person,0.495,1772,792,1801,863
15.0,450,2,car,0.786,1418,784,1522,846
15.0,450,2,car,0.676,1553,792,1662,881
15.0,450,2,car,0.66,1143,801,1276,890
15.0,450,0,person,0.495,1772,791,1801,863
15.033,451,2,car,0.787,1420,784,1523,845
15.033,451,2,car,0.707,1516,790,1669,881
15.033,451,2,car,0.671,1144,798,1277,891
15.033,451,0,person,0.416,1776,791,1809,861
15.067,452,2,car,0.786,1420,784,1523,845
15.067,452,2,car,0.706,1516,790,1669,881
15.067,452,2,car,0.672,1144,798,1277,891
15.067,452,0,person,0.417,1776,791,1809,861
15.1,453,2,car,0.745,1520,787,1685,888
15.1,453,2,car,0.737,1426,784,1528,850
15.1,453,2,car,0.716,1141,795,1272,895
15.1,453,2,car,0.622,470,778,560,841
15.1,453,0,person,0.561,1794,792,1827,871
15.1,453,0,person,0.524,1751,788,1786,886
15.1,453,9,traffic light,0.492,149,355,186,458
15.1,453,2,car,0.49,403,776,477,844
15.1,453,0,person,0.473,308,766,380,890
15.133,454,2,car,0.741,1426,784,1528,850
15.133,454,2,car,0.738,1520,787,1685,888
15.133,454,2,car,0.717,1141,795,1272,895
15.133,454,2,car,0.623,470,778,561,841
15.133,454,0,person,0.568,1794,792,1827,872
15.133,454,0,person,0.536,1751,787,1786,886
15.133,454,2,car,0.492,403,776,477,844
15.133,454,9,traffic light,0.486,148,354,186,458
15.133,454,0,person,0.481,307,763,382,890
15.167,455,2,car,0.837,1427,785,1531,852
15.167,455,2,car,0.76,1138,791,1271,896
15.167,455,2,car,0.715,1565,794,1688,893
15.167,455,0,person,0.633,1805,792,1839,872
15.167,455,0,person,0.587,274,758,350,899
15.167,455,0,person,0.524,1763,787,1798,891
15.167,455,2,car,0.491,514,795,715,894
15.167,455,2,car,0.428,313,771,465,854
15.167,455,2,car,0.425,459,775,545,842
15.167,455,9,traffic light,0.403,106,337,146,449
15.2,456,2,car,0.836,1427,785,1531,852
15.2,456,2,car,0.758,1138,790,1271,896
15.2,456,2,car,0.711,1566,794,1688,893
15.2,456,0,person,0.633,1805,792,1839,872
15.2,456,0,person,0.574,275,757,351,899
15.2,456,0,person,0.526,1762,787,1798,891
15.2,456,2,car,0.446,520,805,709,897
15.2,456,2,car,0.424,460,776,544,841
15.2,456,9,traffic light,0.421,106,337,147,449
15.2,456,2,car,0.405,310,772,465,852
15.233,457,2,car,0.828,1426,785,1533,853
15.233,457,2,car,0.761,1139,791,1271,897
15.233,457,2,car,0.721,1525,791,1694,895
15.233,457,0,person,0.652,248,750,344,906
15.233,457,2,car,0.65,512,781,829,899
15.233,457,0,person,0.609,1763,788,1802,896
15.233,457,0,person,0.556,1810,792,1844,871
15.233,457,2,car,0.512,452,773,561,843
15.233,457,9,traffic light,0.499,1674,517,1703,596
15.267,458,2,car,0.824,1426,785,1534,853
15.267,458,2,car,0.766,1139,792,1271,897
15.267,458,2,car,0.703,1543,792,1695,895
15.267,458,2,car,0.654,513,782,830,899
15.267,458,0,person,0.637,248,750,344,906
15.267,458,0,person,0.615,1763,788,1802,896
15.267,458,0,person,0.551,1810,792,1844,871
15.267,458,2,car,0.498,453,773,560,843
15.267,458,9,traffic light,0.488,1674,517,1703,596
15.3,459,2,car,0.825,1426,785,1534,853
15.3,459,2,car,0.758,1139,792,1271,897
15.3,459,2,car,0.672,1551,793,1695,895
15.3,459,2,car,0.648,512,782,830,899
15.3,459,0,person,0.635,248,750,344,906
15.3,459,0,person,0.599,1763,788,1802,896
15.3,459,0,person,0.547,1810,792,1844,871
15.3,459,2,car,0.505,453,773,560,843
15.3,459,9,traffic light,0.487,1675,518,1703,596
15.333,460,2,car,0.798,1427,792,1537,858
15.333,460,2,car,0.697,1141,801,1271,900
15.333,460,0,person,0.674,218,755,299,919
15.333,460,2,car,0.603,490,786,694,911
15.333,460,2,car,0.599,1576,802,1705,899
15.333,460,0,person,0.587,1778,793,1817,900
15.333,460,2,car,0.574,377,782,449,853
15.333,460,0,person,0.521,1824,800,1858,884
15.333,460,7,truck,0.447,1264,743,1413,849
15.333,460,2,car,0.425,283,772,386,870
15.333,460,0,person,0.408,1940,791,1973,884
15.367,461,2,car,0.825,1427,793,1541,862
15.367,461,2,car,0.718,1138,803,1270,902
15.367,461,2,car,0.697,1538,799,1712,904
15.367,461,0,person,0.679,1797,792,1837,906
15.367,461,2,car,0.669,362,783,439,855
15.367,461,2,car,0.664,240,777,371,874
15.367,461,0,person,0.623,1840,798,1876,884
15.367,461,2,car,0.588,479,791,662,923
15.367,461,0,person,0.58,168,754,255,925
15.367,461,0,person,0.567,1886,799,1915,872
15.367,461,2,car,0.412,0,741,173,921
15.4,462,2,car,0.799,1430,794,1544,863
15.4,462,2,car,0.682,1138,803,1270,904
15.4,462,0,person,0.677,140,753,228,931
15.4,462,2,car,0.675,1548,803,1719,905
15.4,462,2,car,0.613,210,778,363,876
15.4,462,2,car,0.608,354,783,429,859
15.4,462,0,person,0.59,1799,795,1839,906
15.4,462,2,car,0.565,0,742,139,926
15.4,462,2,car,0.512,419,768,566,872
15.4,462,2,car,0.468,464,791,670,923
15.4,462,0,person,0.463,1841,798,1876,890
15.4,462,7,truck,0.417,1261,744,1417,852
15.4,462,0,person,0.408,1850,799,1881,888
15.433,463,2,car,0.805,1430,794,1544,863
15.433,463,2,car,0.683,1138,803,1270,904
15.433,463,2,car,0.676,1551,804,1719,905
15.433,463,0,person,0.666,140,753,228,932
15.433,463,0,person,0.619,1799,795,1839,907
15.433,463,2,car,0.6,354,783,429,859
15.433,463,2,car,0.598,209,778,362,876
15.433,463,2,car,0.573,0,741,140,927
15.433,463,2,car,0.516,419,768,567,870
15.433,463,2,car,0.492,464,789,789,925
15.433,463,0,person,0.443,1841,798,1876,891
15.433,463,7,truck,0.427,1261,744,1417,851
15.433,463,2,car,0.413,465,791,670,922
15.433,463,0,person,0.405,1851,799,1882,889
15.467,464,2,car,0.805,1430,794,1544,863
15.467,464,2,car,0.682,1138,803,1270,904
15.467,464,0,person,0.679,140,752,228,932
15.467,464,2,car,0.665,1555,804,1719,904
15.467,464,0,person,0.628,1799,796,1839,907
15.467,464,2,car,0.599,353,783,429,859
15.467,464,2,car,0.592,210,777,362,876
15.467,464,2,car,0.585,0,741,140,927
15.467,464,2,car,0.54,465,788,790,926
15.467,464,2,car,0.527,418,768,567,871
15.467,464,0,person,0.452,1842,798,1876,891
15.467,464,2,car,0.433,465,791,672,923
15.467,464,7,truck,0.412,1261,744,1417,852
15.467,464,0,person,0.402,1850,799,1882,889
15.5,465,2,car,0.811,1429,794,1544,863
15.5,465,2,car,0.68,1138,803,1270,904
15.5,465,0,person,0.672,141,752,228,932
15.5,465,2,car,0.671,1552,804,1719,904
15.5,465,0,person,0.63,1799,796,1840,907
15.5,465,2,car,0.608,354,783,428,858
15.5,465,2,car,0.604,210,777,362,876
15.5,465,2,car,0.6,0,742,140,927
15.5,465,2,car,0.538,419,767,567,871
15.5,465,2,car,0.498,465,789,790,925
15.5,465,0,person,0.457,1842,798,1877,891
15.5,465,2,car,0.433,465,791,670,923
15.5,465,0,person,0.4,1850,799,1882,889
15.533,466,2,car,0.809,1431,794,1547,864
15.533,466,2,car,0.749,1139,801,1273,904
15.533,466,0,person,0.708,90,744,185,938
15.533,466,2,car,0.644,1546,799,1729,907
15.533,466,0,person,0.639,1859,800,1898,891
15.533,466,2,car,0.61,164,780,329,874
15.533,466,2,car,0.603,357,769,541,880
15.533,466,0,person,0.575,1809,796,1849,914
15.533,466,2,car,0.464,438,790,774,918
15.533,466,2,car,0.417,439,792,663,917
15.567,467,2,car,0.806,1431,794,1547,865
15.567,467,2,car,0.746,1138,801,1273,904
15.567,467,0,person,0.707,90,744,185,938
15.567,467,0,person,0.63,1859,800,1898,891
15.567,467,2,car,0.63,1544,800,1730,909
15.567,467,2,car,0.607,164,780,328,874
15.567,467,2,car,0.6,357,770,539,880
15.567,467,0,person,0.559,1810,797,1849,914
15.567,467,2,car,0.47,438,790,774,920
15.567,467,2,car,0.408,439,791,664,917
15.6,468,2,car,0.862,390,789,748,935
15.6,468,2,car,0.851,80,773,312,884
15.6,468,2,car,0.795,1140,798,1276,907
15.6,468,2,car,0.758,1444,795,1562,868
15.6,468,2,car,0.686,1562,799,1760,915
15.6,468,2,car,0.666,280,769,467,893
15.6,468,0,person,0.625,1840,798,1887,918
15.6,468,0,person,0.489,1896,799,1936,900
15.6,468,0,person,0.484,0,756,62,964
15.633,469,2,car,0.862,390,789,748,935
15.633,469,2,car,0.85,80,773,312,884
15.633,469,2,car,0.795,1140,798,1276,907
15.633,469,2,car,0.757,1444,795,1562,868
15.633,469,2,car,0.689,1562,799,1760,915
15.633,469,2,car,0.668,280,769,467,893
15.633,469,0,person,0.624,1840,798,1887,918
15.633,469,0,person,0.489,1896,799,1936,900
15.633,469,0,person,0.472,0,758,60,964
15.667,470,2,car,0.866,396,789,752,930
15.667,470,2,car,0.797,1140,799,1276,908
15.667,470,2,car,0.787,88,774,323,884
15.667,470,2,car,0.765,1439,794,1561,868
15.667,470,0,person,0.741,0,729,94,962
15.667,470,0,person,0.703,1887,799,1929,896
15.667,470,2,car,0.684,1562,798,1756,913
15.667,470,2,car,0.664,317,764,485,894
15.667,470,0,person,0.602,1834,799,1877,920
15.667,470,9,traffic light,0.422,1703,476,1744,553
15.7,471,2,car,0.868,396,789,752,930
15.7,471,2,car,0.797,1140,800,1276,908
15.7,471,2,car,0.785,88,774,323,884
15.7,471,2,car,0.765,1439,795,1561,868
15.7,471,0,person,0.738,0,729,94,962
15.7,471,0,person,0.709,1887,799,1929,896
15.7,471,2,car,0.68,1562,798,1756,913
15.7,471,2,car,0.667,317,764,485,894
15.7,471,0,person,0.606,1834,799,1877,920
15.7,471,9,traffic light,0.425,1703,476,1744,553
15.7,471,7,truck,0.401,1259,746,1426,850
15.733,472,2,car,0.836,41,770,276,889
15.733,472,2,car,0.72,205,759,430,906
15.733,472,2,car,0.701,1143,803,1277,906
15.733,472,2,car,0.69,1583,802,1785,923
15.733,472,2,car,0.677,1449,795,1579,869
15.733,472,0,person,0.639,1868,802,1924,930
15.733,472,0,person,0.603,1933,800,1977,909
15.733,472,0,person,0.55,2051,793,2086,904
15.733,472,2,car,0.548,476,790,724,939
15.733,472,2,car,0.484,371,789,724,940
15.767,473,2,car,0.835,42,770,277,889
15.767,473,2,car,0.71,205,759,429,906
15.767,473,2,car,0.71,1582,802,1785,923
15.767,473,2,car,0.7,1143,804,1277,907
15.767,473,2,car,0.675,1449,795,1579,869
15.767,473,0,person,0.648,1867,802,1924,930
15.767,473,0,person,0.588,1933,800,1976,908
15.767,473,0,person,0.558,2051,793,2086,904
15.767,473,2,car,0.553,469,790,724,939
15.767,473,2,car,0.507,367,788,723,940
15.8,474,2,car,0.835,41,771,276,890
15.8,474,2,car,0.715,1143,803,1277,906
15.8,474,2,car,0.707,205,759,428,906
15.8,474,2,car,0.69,1581,802,1785,923
15.8,474,2,car,0.685,1449,795,1579,869
15.8,474,0,person,0.632,1875,802,1923,924
15.8,474,0,person,0.589,1933,800,1977,909
15.8,474,0,person,0.573,2050,792,2086,904
15.8,474,2,car,0.54,474,790,725,939
15.8,474,2,car,0.477,350,787,726,941
15.833,475,2,car,0.78,39,768,259,890
15.833,475,2,car,0.773,1593,802,1792,923
15.833,475,2,car,0.748,1144,803,1278,907
15.833,475,2,car,0.74,176,759,426,903
15.833,475,0,person,0.689,1938,800,1986,908
15.833,475,2,car,0.636,511,792,719,940
15.833,475,0,person,0.616,1878,803,1928,929
15.833,475,2,car,0.614,1450,795,1582,869
15.833,475,2,car,0.555,330,788,568,936
15.833,475,0,person,0.499,2058,797,2092,908
15.867,476,2,car,0.772,1592,802,1792,923
15.867,476,2,car,0.766,39,769,259,890
15.867,476,2,car,0.741,175,759,426,902
15.867,476,2,car,0.736,1144,803,1278,907
15.867,476,0,person,0.684,1939,800,1986,908
15.867,476,2,car,0.634,511,793,720,940
15.867,476,0,person,0.618,1878,803,1928,929
15.867,476,2,car,0.609,1450,795,1582,869
15.867,476,2,car,0.562,328,789,572,936
15.867,476,0,person,0.499,2058,798,2092,908
15.9,477,2,car,0.766,39,769,259,890
15.9,477,2,car,0.755,1593,802,1792,923
15.9,477,2,car,0.749,176,759,426,902
15.9,477,2,car,0.73,1144,803,1278,907
15.9,477,0,person,0.665,1939,800,1986,908
15.9,477,2,car,0.627,510,792,720,940
15.9,477,0,person,0.619,1878,803,1928,928
15.9,477,2,car,0.604,1450,795,1582,869
15.9,477,2,car,0.566,328,789,573,936
15.9,477,0,person,0.501,2058,798,2092,908
15.933,478,2,car,0.816,311,786,696,947
15.933,478,2,car,0.801,1602,797,1813,922
15.933,478,2,car,0.74,1148,803,1282,900
15.933,478,0,person,0.731,1968,799,2014,908
15.933,478,2,car,0.727,1457,794,1593,870
15.933,478,2,car,0.723,7,766,187,884
15.933,478,2,car,0.657,92,756,346,913
15.933,478,0,person,0.599,1907,800,1960,930
15.933,478,9,traffic light,0.478,1785,427,1832,520
15.967,479,2,car,0.879,1621,792,1827,922
15.967,479,2,car,0.764,1464,788,1599,866
15.967,479,0,person,0.725,1993,795,2038,907
15.967,479,2,car,0.706,452,787,682,947
15.967,479,0,person,0.656,1922,796,1983,930
15.967,479,2,car,0.652,23,748,337,918
15.967,479,2,car,0.65,1151,796,1290,897
15.967,479,2,car,0.413,284,780,522,947
16.0,480,2,car,0.879,1621,792,1827,922
16.0,480,2,car,0.765,1464,788,1598,866
16.0,480,0,person,0.725,1993,795,2038,907
16.0,480,2,car,0.708,452,787,682,947
16.0,480,0,person,0.657,1922,796,1983,930
16.0,480,2,car,0.651,1151,796,1290,897
16.0,480,2,car,0.65,23,748,337,918
16.0,480,2,car,0.416,284,780,522,947
16.033,481,2,car,0.881,1621,792,1828,922
16.033,481,2,car,0.765,1464,788,1598,866
16.033,481,0,person,0.726,1993,795,2038,907
16.033,481,2,car,0.707,452,787,682,947
16.033,481,0,person,0.655,1922,796,1983,930
16.033,481,2,car,0.652,1151,796,1290,897
16.033,481,2,car,0.646,23,748,336,918
16.033,481,2,car,0.418,284,781,522,947
16.067,482,2,car,0.874,1615,790,1839,921
16.067,482,2,car,0.763,1466,785,1603,864
16.067,482,2,car,0.742,0,746,274,921
16.067,482,2,car,0.742,268,782,674,952
16.067,482,0,person,0.708,1935,797,1990,930
16.067,482,0,person,0.66,2002,796,2045,904
16.067,482,2,car,0.649,1152,803,1287,896
16.067,482,2,car,0.426,443,787,673,950
16.1,483,2,car,0.874,1615,791,1840,921
16.1,483,2,car,0.766,1465,785,1603,864
16.1,483,2,car,0.755,0,745,273,921
16.1,483,2,car,0.733,268,782,674,951
16.1,483,0,person,0.706,1935,797,1990,930
16.1,483,0,person,0.658,2002,796,2045,904
16.1,483,2,car,0.646,1152,802,1287,896
16.1,483,2,car,0.435,443,788,673,950
16.133,484,2,car,0.85,174,777,632,974
16.133,484,2,car,0.83,1643,790,1881,928
16.133,484,2,car,0.772,1158,796,1295,898
16.133,484,2,car,0.745,1485,785,1622,868
16.133,484,0,person,0.714,2051,790,2100,911
16.133,484,0,person,0.671,1985,794,2046,935
16.133,484,2,car,0.661,0,744,215,952
16.133,484,9,traffic light,0.493,1871,376,1911,466
16.167,485,2,car,0.85,174,777,632,974
16.167,485,2,car,0.829,1644,790,1881,928
16.167,485,2,car,0.775,1158,796,1295,898
16.167,485,2,car,0.745,1484,785,1622,868
16.167,485,0,person,0.713,2051,790,2100,911
16.167,485,0,person,0.672,1985,794,2046,935
16.167,485,2,car,0.661,0,745,215,952
16.167,485,9,traffic light,0.493,1871,376,1911,466
16.2,486,2,car,0.848,174,777,632,974
16.2,486,2,car,0.831,1642,790,1881,928
16.2,486,2,car,0.776,1158,796,1295,898
16.2,486,2,car,0.741,1485,785,1622,868
16.2,486,0,person,0.709,2051,790,2100,911
16.2,486,0,person,0.673,1985,794,2045,935
16.2,486,2,car,0.663,0,745,216,952
16.2,486,9,traffic light,0.496,1871,375,1911,467
16.233,487,2,car,0.832,169,776,624,976
16.233,487,2,car,0.818,1632,791,1887,930
16.233,487,2,car,0.781,1483,785,1626,868
16.233,487,0,person,0.778,2064,790,2114,917
16.233,487,2,car,0.745,1158,800,1295,900
16.233,487,2,car,0.708,0,736,219,940
16.233,487,0,person,0.689,1999,797,2059,939
16.233,487,0,person,0.508,2167,791,2204,910
16.233,487,9,traffic light,0.476,1882,364,1938,494
16.233,487,9,traffic light,0.455,1882,369,1932,471
16.233,487,9,traffic light,0.427,953,480,979,547
16.267,488,2,car,0.83,168,776,624,976
16.267,488,2,car,0.825,1630,791,1887,930
16.267,488,2,car,0.785,1483,785,1626,868
16.267,488,0,person,0.778,2064,790,2114,917
16.267,488,2,car,0.744,1158,800,1295,900
16.267,488,2,car,0.713,0,737,220,940
16.267,488,0,person,0.684,1999,797,2059,939
16.267,488,0,person,0.517,2167,791,2205,910
16.267,488,9,traffic light,0.476,1882,364,1938,495
16.267,488,9,traffic light,0.448,1882,369,1932,472
16.267,488,5,bus,0.446,313,715,627,843
16.267,488,9,traffic light,0.415,953,480,979,547
16.3,489,2,car,0.832,168,776,624,976
16.3,489,2,car,0.831,1628,791,1887,931
16.3,489,2,car,0.784,1483,785,1626,868
16.3,489,0,person,0.779,2064,790,2114,917
16.3,489,2,car,0.749,1158,800,1295,900
16.3,489,2,car,0.716,0,737,219,940
16.3,489,0,person,0.684,1999,797,2059,939
16.3,489,0,person,0.509,2167,791,2204,910
16.3,489,9,traffic light,0.474,1881,364,1938,495
16.3,489,5,bus,0.457,313,715,627,843
16.3,489,9,traffic light,0.444,1882,369,1932,472
16.333,490,2,car,0.895,64,785,565,1003
16.333,490,2,car,0.8,1651,795,1936,941
16.333,490,2,car,0.785,1492,791,1640,873
16.333,490,0,person,0.731,2132,793,2182,926
16.333,490,2,car,0.711,1162,809,1302,906
16.333,490,0,person,0.702,2063,798,2127,948
16.333,490,2,car,0.531,0,769,145,898
16.333,490,5,bus,0.521,289,718,592,857
16.333,490,9,traffic light,0.509,1949,331,2000,432
16.333,490,9,traffic light,0.499,935,463,970,545
16.367,491,2,car,0.891,64,785,565,1003
16.367,491,2,car,0.798,1651,795,1936,942
16.367,491,2,car,0.777,1492,791,1641,873
16.367,491,0,person,0.731,2132,793,2182,926
16.367,491,2,car,0.706,1162,809,1302,906
16.367,491,0,person,0.703,2063,798,2127,948
16.367,491,5,bus,0.543,290,718,587,864
16.367,491,2,car,0.535,0,769,145,899
16.367,491,9,traffic light,0.512,936,463,970,545
16.367,491,9,traffic light,0.507,1949,331,2001,432
16.4,492,2,car,0.891,64,785,565,1003
16.4,492,2,car,0.798,1651,795,1936,942
16.4,492,2,car,0.777,1492,791,1641,873
16.4,492,0,person,0.731,2132,793,2182,926
16.4,492,2,car,0.705,1162,809,1302,906
16.4,492,0,person,0.703,2063,798,2127,948
16.4,492,2,car,0.536,0,769,145,899
16.4,492,5,bus,0.532,290,718,589,864
16.4,492,9,traffic light,0.507,1949,331,2001,432
16.4,492,9,traffic light,0.506,936,463,970,545
16.433,493,2,car,0.892,64,786,565,1002
16.433,493,2,car,0.805,1650,795,1936,942
16.433,493,2,car,0.785,1491,791,1641,873
16.433,493,0,person,0.724,2131,793,2182,925
16.433,493,2,car,0.693,1162,808,1302,906
16.433,493,0,person,0.687,2063,798,2127,948
16.433,493,2,car,0.553,0,769,145,900
16.433,493,5,bus,0.528,289,718,581,862
16.433,493,9,traffic light,0.513,1949,331,2001,432
16.433,493,9,traffic light,0.485,935,463,970,545
16.467,494,2,car,0.878,53,784,551,1005
16.467,494,2,car,0.807,1667,795,1949,944
16.467,494,0,person,0.755,2143,797,2196,927
16.467,494,2,car,0.753,1494,789,1646,872
16.467,494,2,car,0.691,1164,803,1303,906
16.467,494,0,person,0.664,2074,795,2135,953
16.467,494,2,car,0.621,2,768,133,904
16.467,494,9,traffic light,0.614,1962,320,2015,432
16.467,494,5,bus,0.594,288,718,565,842
16.5,495,2,car,0.878,53,784,551,1005
16.5,495,2,car,0.807,1668,795,1949,944
16.5,495,0,person,0.755,2143,797,2196,927
16.5,495,2,car,0.752,1494,790,1646,872
16.5,495,2,car,0.69,1164,803,1303,906
16.5,495,0,person,0.666,2074,795,2135,953
16.5,495,2,car,0.621,2,768,133,905
16.5,495,9,traffic light,0.614,1962,320,2015,432
16.5,495,5,bus,0.595,288,718,565,842
16.533,496,2,car,0.914,0,778,491,1024
16.533,496,2,car,0.806,1506,785,1661,871
16.533,496,2,car,0.806,1723,789,1987,947
16.533,496,2,car,0.752,1167,784,1307,899
16.533,496,0,person,0.722,2123,791,2181,956
16.533,496,9,traffic light,0.536,919,436,951,519
16.533,496,2,car,0.473,1668,793,1781,900
16.533,496,9,traffic light,0.469,2028,280,2086,396
16.567,497,2,car,0.915,0,778,491,1024
16.567,497,2,car,0.804,1506,785,1661,872
16.567,497,2,car,0.802,1722,788,1987,947
16.567,497,2,car,0.765,1167,784,1307,899
16.567,497,0,person,0.719,2123,791,2181,956
16.567,497,9,traffic light,0.53,919,436,951,519
16.567,497,2,car,0.464,1668,793,1781,899
16.567,497,9,traffic light,0.458,2028,280,2086,395
16.6,498,2,car,0.893,0,768,437,1041
16.6,498,2,car,0.816,1735,786,2021,955
16.6,498,2,car,0.716,1168,787,1310,899
16.6,498,2,car,0.694,1512,783,1672,872
16.6,498,0,person,0.536,2169,793,2223,959
16.6,498,9,traffic light,0.525,903,417,940,507
16.6,498,2,car,0.493,1685,788,1800,904
16.6,498,5,bus,0.421,1284,726,1389,840
16.633,499,2,car,0.89,0,768,437,1041
16.633,499,2,car,0.816,1735,786,2021,955
16.633,499,2,car,0.714,1168,787,1310,899
16.633,499,2,car,0.694,1512,783,1672,872
16.633,499,0,person,0.533,2169,792,2223,959
16.633,499,9,traffic light,0.509,903,417,940,507
16.633,499,2,car,0.495,1685,788,1800,904
16.633,499,5,bus,0.428,1285,726,1389,840
16.633,499,9,traffic light,0.409,2080,242,2148,368
16.633,499,5,bus,0.4,260,709,539,835
16.667,500,2,car,0.891,0,767,437,1041
16.667,500,2,car,0.824,1735,786,2021,955
16.667,500,2,car,0.718,1168,786,1310,899
16.667,500,2,car,0.697,1513,783,1672,872
16.667,500,0,person,0.53,2168,792,2223,961
16.667,500,2,car,0.508,1685,788,1799,904
16.667,500,9,traffic light,0.495,903,418,940,507
16.667,500,5,bus,0.407,1285,724,1389,838
16.7,501,2,car,0.841,0,768,398,1053
16.7,501,2,car,0.825,1746,787,2043,958
16.7,501,2,car,0.736,1508,783,1676,871
16.7,501,2,car,0.736,1168,784,1311,899
16.7,501,2,car,0.688,1697,787,1817,909
16.7,501,9,traffic light,0.488,897,406,930,499
16.7,501,2,car,0.453,244,772,374,843
16.7,501,9,traffic light,0.448,2125,218,2196,369
16.7,501,9,traffic light,0.439,2125,209,2209,405
16.7,501,5,bus,0.42,1284,724,1389,839
16.7,501,7,truck,0.403,1286,725,1387,840
16.733,502,2,car,0.887,1758,786,2055,960
16.733,502,2,car,0.848,1,768,377,1052
16.733,502,2,car,0.743,1507,783,1683,872
16.733,502,9,traffic light,0.712,895,399,927,494
16.733,502,2,car,0.707,1168,789,1311,899
16.733,502,2,car,0.646,1697,787,1828,915
16.733,502,2,car,0.523,235,773,369,842
16.733,502,7,truck,0.488,1286,724,1387,839
16.733,502,5,bus,0.482,1284,724,1388,838
16.733,502,9,traffic light,0.415,2143,188,2212,351
16.767,503,2,car,0.886,1757,786,2055,960
16.767,503,2,car,0.854,0,768,376,1051
16.767,503,2,car,0.746,1506,783,1683,872
16.767,503,9,traffic light,0.726,895,399,926,494
16.767,503,2,car,0.714,1168,788,1311,899
16.767,503,2,car,0.641,1697,787,1828,915
16.767,503,2,car,0.518,236,773,369,841
16.767,503,7,truck,0.474,1286,725,1387,839
16.767,503,5,bus,0.45,1284,724,1388,838
16.767,503,9,traffic light,0.445,2141,190,2210,348
16.8,504,2,car,0.872,0,762,299,1071
16.8,504,2,car,0.857,1776,782,2094,967
16.8,504,2,car,0.757,1528,783,1693,874
16.8,504,2,car,0.7,1168,787,1311,899
16.8,504,2,car,0.668,1714,786,1851,911
16.8,504,2,car,0.661,179,770,343,845
16.8,504,5,bus,0.517,1284,724,1389,838
16.8,504,5,bus,0.404,1389,732,1508,842
16.8,504,7,truck,0.402,1287,725,1388,839
16.833,505,2,car,0.872,0,762,299,1071
16.833,505,2,car,0.857,1776,782,2094,967
16.833,505,2,car,0.757,1528,783,1694,874
16.833,505,2,car,0.701,1167,786,1311,899
16.833,505,2,car,0.67,1714,786,1851,911
16.833,505,2,car,0.664,179,770,343,845
16.833,505,5,bus,0.517,1284,725,1389,838
16.833,505,5,bus,0.407,1389,732,1507,842
16.867,506,2,car,0.875,0,762,299,1071
16.867,506,2,car,0.856,1776,782,2094,967
16.867,506,2,car,0.756,1528,783,1693,874
16.867,506,2,car,0.698,1168,786,1311,899
16.867,506,2,car,0.672,1714,786,1851,911
16.867,506,2,car,0.669,179,770,342,846
16.867,506,5,bus,0.523,1284,724,1389,838
16.867,506,5,bus,0.421,1389,732,1509,842
16.9,507,2,car,0.866,1781,778,2108,968
16.9,507,2,car,0.864,0,770,271,1068
16.9,507,2,car,0.759,1719,784,1859,911
16.9,507,2,car,0.754,166,772,338,845
16.9,507,2,car,0.742,1524,782,1694,874
16.9,507,2,car,0.681,1168,780,1311,897
16.9,507,9,traffic light,0.648,865,368,906,474
16.9,507,5,bus,0.561,1282,724,1388,837
16.9,507,7,truck,0.421,1286,725,1388,837
16.9,507,5,bus,0.415,1389,731,1519,842
16.933,508,2,car,0.866,1781,778,2108,968
16.933,508,2,car,0.865,0,770,271,1068
16.933,508,2,car,0.757,1719,784,1859,911
16.933,508,2,car,0.754,166,772,338,845
16.933,508,2,car,0.742,1524,782,1694,874
16.933,508,2,car,0.68,1168,780,1311,897
16.933,508,9,traffic light,0.648,865,368,905,474
16.933,508,5,bus,0.56,1282,724,1389,837
16.933,508,7,truck,0.421,1286,725,1388,837
16.933,508,5,bus,0.414,1389,731,1519,842
16.967,509,2,car,0.869,0,770,271,1067
16.967,509,2,car,0.867,1779,780,2109,970
16.967,509,2,car,0.761,166,772,338,845
16.967,509,2,car,0.754,1719,784,1859,911
16.967,509,2,car,0.744,1524,783,1694,874
16.967,509,2,car,0.699,1168,780,1311,897
16.967,509,9,traffic light,0.639,865,368,905,473
16.967,509,5,bus,0.554,1282,724,1388,837
16.967,509,7,truck,0.421,1286,725,1388,837
16.967,509,5,bus,0.402,1388,732,1511,842
17.0,510,2,car,0.882,1798,779,2147,971
17.0,510,9,traffic light,0.793,845,345,884,445
17.0,510,2,car,0.782,1554,778,1705,871
17.0,510,2,car,0.764,0,791,178,1092
17.0,510,2,car,0.743,127,765,322,846
17.0,510,2,car,0.682,2,767,139,866
17.0,510,2,car,0.678,1167,785,1310,893
17.0,510,2,car,0.667,1735,779,1881,911
17.0,510,5,bus,0.434,1284,720,1387,833
17.0,510,2,car,0.42,407,769,512,830
17.0,510,2,car,0.403,1516,785,1571,856
17.033,511,2,car,0.884,1799,779,2147,970
17.033,511,9,traffic light,0.8,845,344,884,446
17.033,511,2,car,0.777,0,792,178,1093
17.033,511,2,car,0.771,1554,778,1705,871
17.033,511,2,car,0.746,127,765,323,846
17.033,511,2,car,0.683,1167,787,1310,893
17.033,511,2,car,0.672,1735,779,1881,912
17.033,511,2,car,0.663,2,767,139,865
17.033,511,5,bus,0.437,1284,720,1388,833
17.033,511,2,car,0.422,406,770,513,830
17.067,512,2,car,0.88,1811,779,2166,973
17.067,512,2,car,0.862,0,768,125,863
17.067,512,2,car,0.773,1558,776,1711,871
17.067,512,2,car,0.738,1165,786,1309,893
17.067,512,2,car,0.723,0,821,139,1108
17.067,512,9,traffic light,0.665,840,332,878,446
17.067,512,2,car,0.662,1741,780,1888,912
17.067,512,2,car,0.631,124,765,314,846
17.067,512,5,bus,0.451,1283,719,1389,833
17.067,512,2,car,0.415,1519,786,1573,854
17.1,513,2,car,0.881,1811,779,2166,973
17.1,513,2,car,0.861,0,768,125,863
17.1,513,2,car,0.771,1558,776,1711,871
17.1,513,2,car,0.74,1165,785,1309,893
17.1,513,2,car,0.723,0,819,139,1107
17.1,513,2,car,0.662,1741,780,1888,912
17.1,513,9,traffic light,0.656,840,332,878,445
17.1,513,2,car,0.643,124,765,313,846
17.1,513,5,bus,0.447,1283,719,1389,833
17.1,513,2,car,0.418,1519,786,1573,854
17.133,514,2,car,0.849,1835,775,2224,980
17.133,514,2,car,0.786,1547,774,1726,872
17.133,514,9,traffic light,0.775,809,297,853,423
17.133,514,2,car,0.751,1166,772,1309,892
17.133,514,2,car,0.746,98,765,284,852
17.133,514,2,car,0.686,1762,777,1935,914
17.133,514,2,car,0.63,0,768,87,853
17.133,514,5,bus,0.479,1284,716,1390,832
17.133,514,2,car,0.454,329,759,456,839
17.133,514,2,car,0.415,558,762,631,810
17.167,515,2,car,0.849,1835,775,2224,980
17.167,515,2,car,0.785,1547,774,1726,872
17.167,515,9,traffic light,0.779,809,297,853,423
17.167,515,2,car,0.751,1166,772,1309,892
17.167,515,2,car,0.744,98,765,284,852
17.167,515,2,car,0.686,1762,777,1935,914
17.167,515,2,car,0.629,0,768,87,853
17.167,515,5,bus,0.485,1284,716,1390,832
17.167,515,2,car,0.467,329,759,456,839
17.2,516,2,car,0.849,1835,775,2224,981
17.2,516,2,car,0.786,1547,774,1726,872
17.2,516,9,traffic light,0.781,809,297,853,423
17.2,516,2,car,0.751,1166,772,1309,892
17.2,516,2,car,0.743,98,765,284,852
17.2,516,2,car,0.684,1762,777,1935,914
17.2,516,2,car,0.627,0,768,87,853
17.2,516,5,bus,0.482,1284,716,1390,832
17.2,516,2,car,0.468,329,759,456,839
17.233,517,2,car,0.848,1835,775,2224,981
17.233,517,2,car,0.795,1546,774,1726,872
17.233,517,9,traffic light,0.784,809,297,853,423
17.233,517,2,car,0.75,1167,773,1309,892
17.233,517,2,car,0.747,98,765,284,852
17.233,517,2,car,0.682,1763,777,1937,918
17.233,517,2,car,0.627,0,768,87,853
17.233,517,5,bus,0.478,1284,716,1390,832
17.233,517,2,car,0.473,329,759,456,839
17.267,518,2,car,0.849,1868,780,2224,995
17.267,518,9,traffic light,0.782,785,277,832,411
17.267,518,2,car,0.779,1557,778,1738,882
17.267,518,2,car,0.701,58,776,260,863
17.267,518,2,car,0.697,1166,789,1313,898
17.267,518,2,car,0.675,1785,783,1971,930
17.267,518,2,car,0.538,279,776,405,844
17.267,518,2,car,0.483,0,778,55,870
17.267,518,2,car,0.482,521,765,599,818
17.3,519,2,car,0.846,1891,790,2224,1006
17.3,519,2,car,0.781,1552,786,1746,889
17.3,519,2,car,0.739,38,781,249,870
17.3,519,2,car,0.737,1797,787,1996,944
17.3,519,2,car,0.701,1167,781,1312,906
17.3,519,9,traffic light,0.659,763,264,811,404
17.3,519,7,truck,0.579,1286,729,1394,851
17.3,519,2,car,0.552,513,775,601,824
17.3,519,2,car,0.416,247,783,372,855
17.333,520,2,car,0.845,1891,790,2224,1006
17.333,520,2,car,0.781,1552,786,1746,889
17.333,520,2,car,0.739,38,781,249,870
17.333,520,2,car,0.736,1797,787,1996,944
17.333,520,2,car,0.702,1167,781,1312,906
17.333,520,9,traffic light,0.659,763,264,811,404
17.333,520,7,truck,0.579,1286,729,1394,851
17.333,520,2,car,0.552,513,775,601,824
17.333,520,2,car,0.416,247,783,372,855
17.367,521,2,car,0.878,1908,799,2223,1026
17.367,521,2,car,0.81,1809,802,2033,970
17.367,521,2,car,0.784,1577,796,1759,903
17.367,521,9,traffic light,0.695,746,250,796,392
17.367,521,2,car,0.693,16,788,225,881
17.367,521,2,car,0.677,1166,793,1312,917
17.367,521,2,car,0.484,1542,799,1609,882
17.367,521,7,truck,0.423,1288,737,1397,858
17.4,522,2,car,0.842,1924,806,2223,1036
17.4,522,2,car,0.819,1572,801,1764,909
17.4,522,2,car,0.752,1821,803,2040,963
17.4,522,2,car,0.7,1166,794,1316,922
17.4,522,9,traffic light,0.571,737,244,786,392
17.4,522,2,car,0.539,1,797,217,892
17.4,522,7,truck,0.472,1288,740,1398,864
17.4,522,5,bus,0.43,1285,739,1397,864
17.433,523,2,car,0.841,1923,806,2223,1036
17.433,523,2,car,0.82,1572,801,1764,909
17.433,523,2,car,0.751,1821,803,2040,963
17.433,523,2,car,0.699,1166,794,1316,922
17.433,523,9,traffic light,0.574,737,244,786,392
17.433,523,2,car,0.527,2,797,217,892
17.433,523,7,truck,0.473,1288,740,1398,864
17.433,523,5,bus,0.431,1285,739,1397,864
17.467,524,2,car,0.841,1924,806,2223,1036
17.467,524,2,car,0.822,1573,801,1764,909
17.467,524,2,car,0.748,1820,803,2040,963
17.467,524,2,car,0.698,1166,795,1316,922
17.467,524,9,traffic light,0.573,737,244,786,392
17.467,524,2,car,0.546,1,797,217,892
17.467,524,7,truck,0.479,1288,740,1398,864
17.467,524,5,bus,0.454,1285,739,1397,864
17.5,525,2,car,0.843,1925,806,2223,1036
17.5,525,2,car,0.822,1572,801,1764,909
17.5,525,2,car,0.746,1820,803,2041,964
17.5,525,2,car,0.7,1166,795,1316,922
17.5,525,9,traffic light,0.576,737,244,786,392
17.5,525,2,car,0.544,2,797,217,891
17.5,525,7,truck,0.478,1287,740,1398,863
17.5,525,5,bus,0.447,1284,740,1397,864
17.533,526,2,car,0.796,1948,816,2223,1057
17.533,526,2,car,0.787,1579,809,1779,920
17.533,526,2,car,0.755,1169,804,1317,933
17.533,526,9,traffic light,0.727,700,211,757,368
17.533,526,2,car,0.715,1847,816,2081,977
17.533,526,5,bus,0.548,1287,748,1397,869
17.533,526,7,truck,0.535,1291,747,1397,867
17.533,526,2,car,0.52,0,810,246,901
17.533,526,2,car,0.463,1555,813,1637,901
17.533,526,2,car,0.462,1554,815,1611,898
17.567,527,2,car,0.807,1986,811,2223,1065
17.567,527,2,car,0.794,1611,809,1791,922
17.567,527,2,car,0.744,1169,805,1317,934
17.567,527,9,traffic light,0.734,678,183,735,356
17.567,527,2,car,0.687,1867,815,2119,989
17.567,527,5,bus,0.534,1287,745,1397,869
17.567,527,2,car,0.53,1562,813,1634,899
17.567,527,7,truck,0.435,1291,745,1397,869
17.6,528,2,car,0.823,1987,812,2222,1066
17.6,528,2,car,0.786,1610,809,1791,922
17.6,528,2,car,0.741,1169,805,1317,934
17.6,528,9,traffic light,0.724,678,183,735,356
17.6,528,2,car,0.699,1867,815,2119,990
17.6,528,5,bus,0.562,1287,745,1397,869
17.6,528,2,car,0.534,1563,815,1634,900
17.6,528,7,truck,0.438,1291,745,1397,869
17.633,529,2,car,0.864,2014,814,2222,1060
17.633,529,2,car,0.828,1887,813,2151,990
17.633,529,2,car,0.781,1169,807,1319,932
17.633,529,9,traffic light,0.748,647,149,706,325
17.633,529,2,car,0.734,1607,806,1801,918
17.633,529,2,car,0.614,1566,815,1637,896
17.633,529,5,bus,0.495,1289,744,1401,867
17.667,530,2,car,0.862,2014,815,2222,1060
17.667,530,2,car,0.821,1886,813,2151,990
17.667,530,2,car,0.773,1169,807,1319,932
17.667,530,9,traffic light,0.747,647,149,706,325
17.667,530,2,car,0.734,1606,806,1802,918
17.667,530,2,car,0.615,1566,814,1638,897
17.667,530,5,bus,0.485,1289,744,1401,867
17.7,531,2,car,0.787,1898,808,2175,992
17.7,531,2,car,0.771,1613,802,1809,919
17.7,531,9,traffic light,0.76,634,133,695,313
17.7,531,2,car,0.753,1171,823,1321,929
17.7,531,2,car,0.719,1571,810,1642,895
17.7,531,2,car,0.706,2036,813,2223,1049
17.7,531,5,bus,0.436,1291,742,1399,865
17.733,532,2,car,0.787,1898,808,2175,991
17.733,532,2,car,0.77,1613,802,1809,919
17.733,532,9,traffic light,0.761,634,133,695,313
17.733,532,2,car,0.753,1171,823,1321,929
17.733,532,2,car,0.719,1571,810,1642,895
17.733,532,2,car,0.706,2036,813,2223,1049
17.733,532,5,bus,0.435,1291,742,1399,865
17.767,533,2,car,0.786,1898,809,2175,991
17.767,533,2,car,0.769,1613,802,1809,919
17.767,533,9,traffic light,0.763,634,133,695,313
17.767,533,2,car,0.754,1171,823,1320,929
17.767,533,2,car,0.719,1571,810,1642,895
17.767,533,2,car,0.709,2036,813,2223,1049
17.767,533,5,bus,0.437,1291,742,1399,865
17.8,534,2,car,0.787,1617,795,1830,917
17.8,534,2,car,0.752,1176,818,1323,920
17.8,534,2,car,0.731,1927,803,2223,1010
17.8,534,9,traffic light,0.697,584,64,658,262
17.8,534,2,car,0.539,1581,797,1659,890
17.8,534,2,car,0.524,2091,819,2223,1051
17.8,534,7,truck,0.461,1298,736,1405,860
17.833,535,2,car,0.786,1618,795,1830,917
17.833,535,2,car,0.749,1176,818,1323,920
17.833,535,2,car,0.74,1927,803,2223,1009
17.833,535,9,traffic light,0.685,584,64,658,261
17.833,535,2,car,0.54,1581,797,1659,890
17.833,535,2,car,0.537,2091,823,2223,1051
17.833,535,7,truck,0.465,1298,736,1405,860
17.867,536,2,car,0.821,1628,794,1843,917
17.867,536,2,car,0.747,1940,801,2222,1006
17.867,536,9,traffic light,0.641,569,41,642,254
17.867,536,2,car,0.635,1178,801,1331,920
17.867,536,2,car,0.512,2111,835,2223,1049
17.867,536,2,car,0.454,1588,797,1666,891
17.9,537,2,car,0.818,1628,794,1843,918
17.9,537,2,car,0.754,1941,801,2222,1005
17.9,537,2,car,0.66,1178,805,1330,920
17.9,537,9,traffic light,0.645,569,41,642,253
17.9,537,2,car,0.536,2110,837,2223,1049
17.9,537,2,car,0.466,1587,797,1667,891
17.933,538,2,car,0.811,2011,793,2223,1019
17.933,538,2,car,0.713,1655,784,1881,911
17.933,538,2,car,0.631,1187,774,1344,912
17.933,538,7,truck,0.609,1311,724,1433,853
17.933,538,9,traffic light,0.546,463,0,555,154
17.933,538,2,car,0.538,1616,787,1698,882
17.967,539,2,car,0.813,2011,793,2223,1019
17.967,539,2,car,0.715,1655,784,1881,911
17.967,539,2,car,0.624,1187,772,1344,912
17.967,539,7,truck,0.614,1312,724,1433,853
17.967,539,9,traffic light,0.556,463,0,555,154
17.967,539,2,car,0.527,1617,786,1701,880
18.0,540,2,car,0.806,2012,793,2223,1019
18.0,540,2,car,0.701,1655,784,1881,911
18.0,540,2,car,0.604,1187,774,1344,912
18.0,540,7,truck,0.6,1312,726,1432,853
18.0,540,9,traffic light,0.575,463,0,555,154
18.0,540,2,car,0.529,1616,787,1699,881
18.033,541,2,car,0.779,1663,784,1891,911
18.033,541,2,car,0.778,2029,792,2223,1019
18.033,541,2,car,0.645,1189,781,1344,911
18.033,541,9,traffic light,0.56,438,0,533,132
18.033,541,2,car,0.533,1619,786,1700,878
18.033,541,7,truck,0.491,1315,723,1430,852
18.033,541,2,car,0.489,536,770,660,842
18.067,542,2,car,0.78,2028,792,2222,1020
18.067,542,2,car,0.771,1662,784,1891,911
18.067,542,2,car,0.63,1189,778,1344,911
18.067,542,9,traffic light,0.591,438,0,533,132
18.067,542,2,car,0.515,1618,785,1699,878
18.067,542,7,truck,0.499,1315,723,1430,852
18.067,542,2,car,0.462,535,770,660,842
18.1,543,2,car,0.794,2028,792,2222,1021
18.1,543,2,car,0.785,1663,784,1891,911
18.1,543,2,car,0.657,1190,779,1344,911
18.1,543,9,traffic light,0.582,438,0,532,132
18.1,543,2,car,0.533,1618,785,1700,878
18.1,543,7,truck,0.503,1315,724,1430,852
18.1,543,2,car,0.434,536,770,660,842
18.133,544,2,car,0.829,1677,783,1918,917
18.133,544,2,car,0.763,2078,797,2223,1011
18.133,544,2,car,0.762,1198,782,1354,909
18.133,544,2,car,0.614,1632,785,1728,889
18.133,544,7,truck,0.483,1320,724,1435,851
18.133,544,2,car,0.408,562,769,645,839
18.167,545,2,car,0.789,1690,786,1935,919
18.167,545,2,car,0.766,1199,808,1358,911
18.167,545,2,car,0.7,2108,818,2223,1013
18.167,545,2,car,0.622,1644,785,1746,891
18.167,545,2,car,0.477,551,768,637,836
18.2,546,2,car,0.786,1690,786,1935,919
18.2,546,2,car,0.757,1199,808,1358,911
18.2,546,2,car,0.698,2107,817,2223,1013
18.2,546,2,car,0.624,1644,785,1746,892
18.2,546,2,car,0.504,549,767,637,837
18.233,547,2,car,0.776,1690,786,1957,924
18.233,547,2,car,0.74,1202,777,1361,910
18.233,547,2,car,0.708,2134,839,2223,1018
18.233,547,2,car,0.623,1650,786,1753,895
18.233,547,5,bus,0.481,2112,633,2223,1020
18.233,547,5,bus,0.429,2108,629,2222,885
18.267,548,2,car,0.769,1693,786,1957,923
18.267,548,2,car,0.736,1203,777,1361,910
18.267,548,2,car,0.71,2134,840,2223,1019
18.267,548,2,car,0.616,1650,786,1753,895
18.267,548,5,bus,0.473,2112,633,2223,1021
18.3,549,2,car,0.77,1694,787,1957,923
18.3,549,2,car,0.739,1203,777,1361,910
18.3,549,2,car,0.715,2134,839,2223,1019
18.3,549,2,car,0.618,1649,786,1753,895
18.3,549,5,bus,0.463,2112,633,2223,1021
18.333,550,2,car,0.834,1722,786,1964,926
18.333,550,2,car,0.74,1203,777,1361,910
18.333,550,2,car,0.66,1653,785,1754,896
18.333,550,2,car,0.639,2150,835,2222,1022
18.333,550,2,car,0.516,425,770,534,842
18.333,550,2,car,0.47,531,766,612,825
18.367,551,2,car,0.835,1723,786,1964,926
18.367,551,2,car,0.761,1203,777,1361,909
18.367,551,2,car,0.65,1653,785,1754,896
18.367,551,2,car,0.643,2150,834,2222,1022
18.367,551,2,car,0.5,425,770,535,842
18.367,551,2,car,0.466,532,766,612,825
18.4,552,2,car,0.757,1746,781,2018,930
18.4,552,2,car,0.649,1211,773,1374,902
18.4,552,2,car,0.638,1681,782,1793,894
18.4,552,2,car,0.566,80,741,356,850
18.4,552,7,truck,0.438,1335,714,1453,843
18.433,553,2,car,0.757,1746,781,2018,929
18.433,553,2,car,0.65,1211,773,1374,902
18.433,553,2,car,0.636,1681,782,1793,894
18.433,553,2,car,0.566,79,741,356,850
18.433,553,7,truck,0.437,1335,714,1453,843
18.467,554,2,car,0.769,1749,782,2017,929
18.467,554,2,car,0.658,1211,772,1374,902
18.467,554,2,car,0.63,1680,782,1793,894
18.467,554,2,car,0.564,79,740,356,850
18.467,554,7,truck,0.447,1335,715,1454,843
18.5,555,2,car,0.755,1740,786,2007,931
18.5,555,2,car,0.66,1210,795,1370,907
18.5,555,2,car,0.611,1678,785,1774,896
18.5,555,2,car,0.594,114,746,379,855
18.533,556,2,car,0.807,1759,769,2060,922
18.533,556,2,car,0.793,1218,754,1377,890
18.533,556,2,car,0.605,1703,772,1827,888
18.533,556,7,truck,0.402,1344,701,1455,830
18.533,556,2,car,0.4,1176,741,1250,802
18.567,557,2,car,0.807,1759,769,2060,922
18.567,557,2,car,0.794,1218,754,1377,890
18.567,557,2,car,0.609,1703,772,1828,888
18.567,557,7,truck,0.401,1344,701,1455,830
18.6,558,2,car,0.803,1758,769,2060,922
18.6,558,2,car,0.792,1218,755,1377,890
18.6,558,2,car,0.603,1703,772,1826,888
18.6,558,7,truck,0.402,1344,701,1455,830
18.633,559,2,car,0.833,1779,765,2073,924
18.633,559,2,car,0.784,1218,754,1378,888
18.633,559,2,car,0.608,1706,768,1843,886
18.633,559,2,car,0.546,368,732,516,807
18.633,559,7,truck,0.485,1344,697,1458,829
18.633,559,2,car,0.471,1705,770,1800,884
18.633,559,2,car,0.44,77,716,245,832
18.667,560,2,car,0.833,1780,765,2073,924
18.667,560,2,car,0.778,1218,755,1378,888
18.667,560,2,car,0.605,1706,768,1843,886
18.667,560,2,car,0.561,368,732,516,807
18.667,560,7,truck,0.497,1344,697,1458,829
18.667,560,2,car,0.463,1705,769,1799,884
18.667,560,2,car,0.434,76,715,245,833
18.7,561,2,car,0.822,1781,765,2073,925
18.7,561,2,car,0.804,1218,754,1378,888
18.7,561,2,car,0.606,1706,769,1844,890
18.7,561,2,car,0.546,368,732,517,808
18.7,561,2,car,0.533,1706,767,1806,883
18.7,561,7,truck,0.455,1344,697,1458,829
18.7,561,2,car,0.404,77,715,245,831
18.733,562,2,car,0.831,1220,747,1381,884
18.733,562,2,car,0.778,1769,764,2098,927
18.733,562,2,car,0.764,12,706,191,829
18.733,562,2,car,0.572,1715,767,1863,891
18.733,562,2,car,0.517,1716,767,1811,884
18.767,563,2,car,0.832,1220,747,1381,883
18.767,563,2,car,0.792,1767,764,2098,926
18.767,563,2,car,0.756,12,706,191,829
18.767,563,2,car,0.547,1715,767,1863,890
18.767,563,2,car,0.528,1716,767,1810,883
18.8,564,2,car,0.76,1819,793,2165,967
18.8,564,2,car,0.758,1216,773,1384,913
18.8,564,2,car,0.665,1739,794,1901,924
18.8,564,2,car,0.651,1739,794,1839,919
18.833,565,2,car,0.761,1819,793,2165,967
18.833,565,2,car,0.757,1216,773,1384,913
18.833,565,2,car,0.667,1739,794,1901,924
18.833,565,2,car,0.651,1739,794,1839,919
18.867,566,2,car,0.76,1819,792,2165,967
18.867,566,2,car,0.748,1216,773,1384,913
18.867,566,2,car,0.669,1739,794,1901,924
18.867,566,2,car,0.65,1739,794,1839,919
18.9,567,2,car,0.762,1820,792,2164,969
18.9,567,2,car,0.754,1217,773,1384,913
18.9,567,2,car,0.67,1739,794,1901,924
18.9,567,2,car,0.657,1739,794,1839,920
18.933,568,2,car,0.76,1820,793,2163,969
18.933,568,2,car,0.756,1217,774,1384,913
18.933,568,2,car,0.665,1739,794,1901,924
18.933,568,2,car,0.653,1739,794,1840,919
18.967,569,2,car,0.901,1854,805,2202,992
18.967,569,2,car,0.658,1218,796,1384,929
18.967,569,2,car,0.624,1751,809,1864,934
18.967,569,2,car,0.602,1753,807,1929,940
18.967,569,2,car,0.479,1150,792,1218,839
19.0,570,2,car,0.901,1854,805,2202,992
19.0,570,2,car,0.658,1218,796,1384,929
19.0,570,2,car,0.622,1751,809,1864,934
19.0,570,2,car,0.604,1753,807,1930,940
19.0,570,2,car,0.478,1150,792,1218,839
19.033,571,2,car,0.9,1854,805,2201,992
19.033,571,2,car,0.708,1217,804,1382,929
19.033,571,2,car,0.625,1751,809,1864,934
19.033,571,2,car,0.603,1753,807,1930,940
19.033,571,2,car,0.401,1149,781,1226,839
19.067,572,2,car,0.9,1854,805,2201,992
19.067,572,2,car,0.71,1217,804,1382,929
19.067,572,2,car,0.627,1751,809,1864,934
19.067,572,2,car,0.601,1753,807,1929,940
19.067,572,2,car,0.402,1149,781,1226,839
19.1,573,2,car,0.871,1874,804,2223,997
19.1,573,2,car,0.7,1217,808,1384,932
19.1,573,2,car,0.685,1767,808,1914,942
19.1,573,2,car,0.438,1775,808,1956,950
19.133,574,2,car,0.87,1874,804,2223,997
19.133,574,2,car,0.698,1216,807,1384,932
19.133,574,2,car,0.686,1767,808,1911,942
19.133,574,2,car,0.434,1775,808,1956,950
19.167,575,2,car,0.869,1874,804,2223,997
19.167,575,2,car,0.698,1217,808,1384,932
19.167,575,2,car,0.686,1767,808,1910,941
19.167,575,2,car,0.432,1776,808,1956,950
19.2,576,2,car,0.868,1919,779,2223,978
19.2,576,2,car,0.786,1790,783,1991,931
19.2,576,2,car,0.752,1211,770,1389,912
19.2,576,7,truck,0.442,1346,711,1473,853
19.233,577,2,car,0.868,1919,779,2223,978
19.233,577,2,car,0.786,1790,783,1992,930
19.233,577,2,car,0.751,1211,770,1389,912
19.233,577,7,truck,0.444,1346,711,1472,853
19.267,578,2,car,0.867,1919,779,2223,979
19.267,578,2,car,0.784,1790,783,1991,931
19.267,578,2,car,0.753,1211,770,1389,912
19.267,578,7,truck,0.442,1346,711,1473,853
19.3,579,2,car,0.849,1923,773,2223,974
19.3,579,2,car,0.737,1797,776,2000,924
19.3,579,2,car,0.714,1217,799,1385,906
19.3,579,7,truck,0.5,1344,701,1476,844
19.3,579,2,car,0.472,230,757,392,841
19.333,580,2,car,0.853,1212,747,1392,895
19.333,580,2,car,0.844,1939,763,2223,969
19.333,580,2,car,0.751,1806,765,2016,915
19.333,580,2,car,0.496,210,744,370,841
19.333,580,2,car,0.476,1147,740,1235,811
19.367,581,2,car,0.854,1212,747,1392,895
19.367,581,2,car,0.839,1939,763,2223,969
19.367,581,2,car,0.757,1805,767,2023,914
19.367,581,2,car,0.5,210,744,370,841
19.367,581,2,car,0.48,1147,740,1235,811
19.4,582,2,car,0.863,1212,747,1392,895
19.4,582,2,car,0.831,1940,763,2223,969
19.4,582,2,car,0.76,1806,764,2015,915
19.4,582,2,car,0.498,1148,740,1236,811
19.4,582,2,car,0.473,210,744,370,842
19.433,583,2,car,0.858,1212,747,1392,895
19.433,583,2,car,0.83,1940,763,2223,969
19.433,583,2,car,0.766,1805,766,2022,914
19.433,583,2,car,0.49,1147,740,1237,811
19.433,583,2,car,0.485,210,744,370,840
19.467,584,2,car,0.836,1980,753,2223,974
19.467,584,2,car,0.83,1836,757,2064,918
19.467,584,2,car,0.752,1219,773,1395,887
19.467,584,2,car,0.739,181,730,407,818
19.467,584,7,truck,0.468,1349,683,1483,828
19.5,585,2,car,0.839,1980,753,2223,974
19.5,585,2,car,0.834,1836,757,2064,917
19.5,585,2,car,0.747,181,730,406,818
19.5,585,2,car,0.742,1219,772,1395,887
19.5,585,7,truck,0.467,1349,683,1482,828
19.533,586,2,car,0.84,1980,753,2223,974
19.533,586,2,car,0.834,1836,757,2064,917
19.533,586,2,car,0.75,181,730,406,818
19.533,586,2,car,0.743,1219,772,1395,887
19.533,586,7,truck,0.455,1348,683,1482,828
19.567,587,2,car,0.825,1847,759,2085,924
19.567,587,2,car,0.724,1994,755,2222,989
19.567,587,2,car,0.713,1215,742,1397,887
19.567,587,5,bus,0.55,1351,682,1482,830
19.567,587,7,truck,0.456,1351,682,1482,831
19.567,587,2,car,0.432,169,727,388,816
19.6,588,2,car,0.825,1847,759,2085,924
19.6,588,2,car,0.723,1995,755,2222,989
19.6,588,2,car,0.712,1216,745,1398,887
19.6,588,5,bus,0.549,1351,682,1482,830
19.6,588,7,truck,0.459,1351,682,1482,831
19.6,588,2,car,0.444,169,727,388,816
19.633,589,2,car,0.815,1861,772,2104,943
19.633,589,2,car,0.806,1219,743,1398,893
19.633,589,2,car,0.788,2027,769,2223,1000
19.633,589,2,car,0.651,153,730,373,823
19.633,589,7,truck,0.585,1353,687,1483,840
19.633,589,5,bus,0.573,1354,686,1483,839
19.633,589,7,truck,0.572,0,639,166,828
19.667,590,2,car,0.742,1215,757,1399,910
19.667,590,2,car,0.711,1875,783,2130,955
19.667,590,2,car,0.655,2043,782,2223,1003
19.667,590,5,bus,0.514,1352,699,1484,850
19.667,590,2,car,0.406,1162,748,1244,820
19.7,591,2,car,0.73,1215,758,1399,910
19.7,591,2,car,0.715,1875,783,2130,955
19.7,591,2,car,0.644,2043,782,2223,1003
19.7,591,5,bus,0.518,1352,699,1484,850
19.7,591,2,car,0.41,1163,748,1244,820
19.733,592,2,car,0.799,1215,769,1398,921
19.733,592,2,car,0.792,1886,797,2153,985
19.733,592,7,truck,0.625,1352,711,1489,864
19.733,592,2,car,0.599,2067,802,2223,1012
19.733,592,7,truck,0.44,1498,726,1659,868
19.733,592,2,car,0.439,1142,759,1248,833
19.733,592,2,car,0.407,27,748,315,849
19.733,592,5,bus,0.401,1351,714,1486,861
19.767,593,2,car,0.798,1886,797,2153,985
19.767,593,2,car,0.788,1215,769,1398,921
19.767,593,7,truck,0.618,1351,711,1489,864
19.767,593,2,car,0.589,2067,802,2223,1012
19.767,593,2,car,0.453,1141,759,1247,833
19.767,593,7,truck,0.451,1498,727,1659,867
19.8,594,2,car,0.86,1900,810,2191,1002
19.8,594,2,car,0.735,2090,820,2223,1040
19.8,594,2,car,0.723,1213,783,1397,938
19.8,594,7,truck,0.658,1497,740,1660,884
19.8,594,2,car,0.642,2,761,291,850
19.8,594,2,car,0.545,1155,772,1240,844
19.8,594,7,truck,0.525,1352,727,1493,880
19.833,595,2,car,0.86,1900,810,2191,1002
19.833,595,2,car,0.734,2090,820,2223,1040
19.833,595,2,car,0.717,1213,783,1397,938
19.833,595,7,truck,0.662,1497,740,1660,884
19.833,595,2,car,0.653,2,761,291,850
19.833,595,2,car,0.542,1155,773,1239,844
19.833,595,7,truck,0.526,1352,727,1493,880
19.867,596,2,car,0.809,1215,825,1394,946
19.867,596,2,car,0.745,1908,823,2222,1039
19.867,596,2,car,0.442,1,758,254,857
19.867,596,5,bus,0.407,1346,735,1483,881
19.9,597,2,car,0.805,1215,825,1394,946
19.9,597,2,car,0.746,1908,823,2222,1039
19.9,597,5,bus,0.414,1346,735,1483,881
19.9,597,2,car,0.401,1,757,253,857
19.933,598,2,car,0.805,1216,826,1394,947
19.933,598,2,car,0.75,1908,823,2222,1044
19.933,598,2,car,0.506,1,758,253,857
19.933,598,5,bus,0.412,1346,735,1483,882
19.967,599,2,car,0.777,1212,827,1394,948
19.967,599,2,car,0.771,1925,822,2222,1049
19.967,599,7,truck,0.469,1496,746,1661,904
19.967,599,5,bus,0.442,1345,735,1483,885
19.967,599,2,car,0.416,0,760,218,863
19.967,599,7,truck,0.414,1347,737,1482,884
20.0,600,2,car,0.754,1944,813,2222,1050
20.0,600,2,car,0.634,1210,813,1395,938
20.0,600,7,truck,0.505,1342,721,1488,879
20.0,600,7,truck,0.448,1498,739,1667,886
20.0,600,2,car,0.404,1141,772,1232,844
20.033,601,2,car,0.748,1944,813,2222,1050
20.033,601,2,car,0.636,1210,814,1395,938
20.033,601,7,truck,0.503,1342,721,1488,879
20.033,601,7,truck,0.46,1498,740,1667,886
20.033,601,2,car,0.403,1142,772,1232,844
20.067,602,2,car,0.789,1964,804,2222,1017
20.067,602,2,car,0.737,1211,768,1396,930
20.067,602,7,truck,0.449,1344,709,1492,867
20.067,602,2,car,0.415,1142,766,1227,837
20.067,602,7,truck,0.408,1502,726,1812,895
20.1,603,2,car,0.781,1964,804,2222,1017
20.1,603,2,car,0.732,1211,767,1396,930
20.1,603,7,truck,0.465,1343,709,1493,867
20.1,603,7,truck,0.446,1502,726,1812,894
20.1,603,2,car,0.411,1142,766,1228,837
20.133,604,2,car,0.83,1987,794,2223,1012
20.133,604,2,car,0.642,1210,795,1398,921
20.133,604,5,bus,0.441,1348,700,1490,855
20.133,604,7,truck,0.411,1349,700,1491,860
20.167,605,2,car,0.827,1987,794,2223,1012
20.167,605,2,car,0.635,1209,792,1398,921
20.167,605,5,bus,0.444,1348,700,1490,856
20.167,605,7,truck,0.401,1349,700,1490,860
20.2,606,2,car,0.828,1987,794,2223,1012
20.2,606,2,car,0.635,1209,792,1398,921
20.2,606,5,bus,0.45,1348,700,1490,856
20.2,606,7,truck,0.404,1348,700,1490,860
20.233,607,2,car,0.827,1987,794,2223,1012
20.233,607,2,car,0.642,1206,763,1399,921
20.233,607,5,bus,0.419,1348,700,1490,856
20.233,607,7,truck,0.412,1348,700,1490,860
20.267,608,2,car,0.732,1209,757,1402,917
20.267,608,7,truck,0.704,1503,712,1684,869
20.267,608,7,truck,0.605,1347,695,1491,856
20.267,608,2,car,0.572,1105,740,1227,819
20.267,608,2,car,0.553,2011,799,2222,1013
20.267,608,2,car,0.471,1105,743,1168,816
20.3,609,2,car,0.8,2033,796,2222,1032
20.3,609,2,car,0.745,1208,798,1397,923
20.3,609,7,truck,0.537,1505,712,1686,876
20.3,609,5,bus,0.53,1346,698,1489,859
20.3,609,2,car,0.474,1105,744,1229,824
20.333,610,2,car,0.803,2033,795,2223,1029
20.333,610,2,car,0.749,1208,798,1397,923
20.333,610,5,bus,0.537,1346,698,1489,859
20.333,610,7,truck,0.537,1506,712,1685,876
20.333,610,2,car,0.483,1105,744,1229,823
20.367,611,2,car,0.798,2033,795,2223,1029
20.367,611,2,car,0.728,1207,797,1397,923
20.367,611,7,truck,0.531,1506,711,1685,876
20.367,611,5,bus,0.523,1346,698,1489,859
20.367,611,2,car,0.493,1105,744,1229,824
20.4,612,2,car,0.798,2033,795,2223,1029
20.4,612,2,car,0.729,1208,798,1397,923
20.4,612,7,truck,0.532,1506,712,1685,876
20.4,612,5,bus,0.528,1346,698,1488,859
20.4,612,2,car,0.506,1105,744,1229,824
20.433,613,2,car,0.865,2039,799,2222,1035
20.433,613,5,bus,0.617,1346,700,1492,864
20.433,613,2,car,0.55,1205,769,1397,927
20.467,614,2,car,0.866,2039,799,2222,1035
20.467,614,5,bus,0.619,1346,700,1492,863
20.467,614,2,car,0.549,1205,769,1397,927
20.5,615,2,car,0.86,2066,809,2222,1028
20.5,615,2,car,0.62,1191,769,1399,938
20.5,615,2,car,0.589,1112,756,1226,837
20.5,615,7,truck,0.509,1342,705,1490,873
20.5,615,7,truck,0.411,1507,721,1688,887
20.533,616,2,car,0.841,2077,822,2223,1036
20.533,616,2,car,0.519,1196,769,1397,947
20.533,616,2,car,0.497,1202,822,1396,946
20.533,616,2,car,0.404,1133,771,1198,842
20.567,617,2,car,0.84,2077,822,2223,1036
20.567,617,2,car,0.513,1196,769,1397,947
20.567,617,2,car,0.5,1202,822,1396,946
20.567,617,2,car,0.401,1133,771,1198,842
20.6,618,2,car,0.791,2096,843,2223,1051
20.6,618,2,car,0.622,1196,825,1392,955
20.6,618,5,bus,0.576,1508,739,1799,910
20.6,618,5,bus,0.573,1334,723,1490,886
20.633,619,2,car,0.791,2096,843,2223,1051
20.633,619,2,car,0.614,1196,825,1392,955
20.633,619,5,bus,0.578,1508,739,1799,910
20.633,619,5,bus,0.574,1334,723,1490,886
20.667,620,2,car,0.704,2128,838,2223,1063
20.667,620,2,car,0.633,1190,791,1396,966
20.7,621,2,car,0.706,1188,805,1394,970
20.7,621,2,car,0.485,2138,842,2223,1073
20.7,621,5,bus,0.468,1325,734,1491,900
20.7,621,2,car,0.459,1080,781,1213,869
20.7,621,7,truck,0.439,1322,733,1489,899
20.733,622,2,car,0.773,1189,797,1394,973
20.733,622,2,car,0.442,2169,916,2223,1085
20.733,622,2,car,0.436,1080,782,1216,863
20.733,622,7,truck,0.435,1320,733,1487,901
20.767,623,2,car,0.772,1188,797,1394,973
20.767,623,7,truck,0.455,1323,733,1487,904
20.767,623,2,car,0.444,2169,916,2223,1085
20.767,623,2,car,0.434,1080,782,1214,862
20.8,624,2,car,0.702,1182,786,1396,966
20.8,624,2,car,0.515,1112,772,1201,851
20.8,624,2,car,0.468,1081,769,1204,849
20.8,624,7,truck,0.432,1335,724,1487,894
20.833,625,2,car,0.701,1182,786,1396,966
20.833,625,2,car,0.514,1112,772,1202,851
20.833,625,2,car,0.47,1080,769,1204,849
20.833,625,7,truck,0.434,1335,724,1487,894
20.867,626,2,car,0.647,1181,784,1395,962
20.867,626,5,bus,0.615,1514,727,1732,902
20.867,626,5,bus,0.441,1323,714,1489,887
20.867,626,7,truck,0.43,1324,715,1490,885
20.9,627,2,car,0.644,1181,783,1395,962
20.9,627,5,bus,0.61,1514,727,1732,902
20.9,627,7,truck,0.437,1323,715,1490,885
20.9,627,5,bus,0.436,1322,714,1489,887
20.933,628,2,car,0.669,1181,786,1395,962
20.933,628,5,bus,0.603,1514,727,1731,902
20.933,628,7,truck,0.455,1323,715,1490,886
20.933,628,5,bus,0.428,1323,714,1489,887
20.967,629,2,car,0.663,1181,783,1395,962
20.967,629,5,bus,0.587,1514,727,1730,901
20.967,629,7,truck,0.43,1325,715,1490,886
20.967,629,5,bus,0.421,1323,714,1490,888
21.0,630,2,car,0.712,1176,773,1397,958
21.0,630,2,car,0.643,1076,754,1202,838
21.0,630,7,truck,0.505,1309,707,1489,880
21.0,630,7,truck,0.495,1517,716,1858,906
21.033,631,2,car,0.698,1174,772,1401,962
21.033,631,2,car,0.633,1062,755,1201,841
21.033,631,7,truck,0.52,1305,706,1489,881
21.067,632,2,car,0.701,1173,772,1401,961
21.067,632,2,car,0.635,1062,755,1201,841
21.067,632,7,truck,0.52,1304,706,1489,881
21.1,633,2,car,0.703,1173,772,1401,961
21.1,633,2,car,0.629,1062,755,1201,841
21.1,633,7,truck,0.518,1305,706,1489,881
21.133,634,2,car,0.737,1173,772,1401,965
21.133,634,7,truck,0.578,1521,717,1741,900
21.133,634,2,car,0.558,1071,760,1197,844
21.133,634,7,truck,0.543,1303,708,1491,882
21.167,635,2,car,0.736,1172,772,1401,965
21.167,635,7,truck,0.582,1521,717,1741,901
21.167,635,2,car,0.558,1069,760,1197,844
21.167,635,7,truck,0.543,1302,708,1491,882
21.2,636,2,car,0.753,1174,776,1401,972
21.2,636,7,truck,0.547,1292,709,1490,884
21.2,636,7,truck,0.505,1520,721,1740,905
21.2,636,2,car,0.439,1105,774,1194,848
21.2,636,5,bus,0.435,1294,712,1488,883
21.233,637,2,car,0.735,1170,786,1403,982
21.233,637,7,truck,0.585,1291,717,1491,897
21.233,637,7,truck,0.546,1524,726,1751,914
21.267,638,2,car,0.736,1169,787,1404,982
21.267,638,7,truck,0.584,1291,717,1491,897
21.267,638,7,truck,0.547,1523,726,1751,914
21.3,639,2,car,0.73,1167,795,1406,995
21.3,639,7,truck,0.583,1289,725,1492,906
21.3,639,2,car,0.583,1051,779,1197,867
21.3,639,7,truck,0.446,1527,735,1764,927
21.333,640,2,car,0.759,1167,796,1406,995
21.333,640,2,car,0.593,1049,779,1197,867
21.333,640,7,truck,0.577,1527,734,1764,929
21.333,640,7,truck,0.571,1289,726,1492,905
21.333,640,5,bus,0.47,1527,736,1763,927
21.367,641,2,car,0.769,1163,797,1408,1001
21.367,641,2,car,0.632,1053,780,1202,870
21.367,641,5,bus,0.601,1534,736,1767,930
21.367,641,7,truck,0.529,1296,728,1495,907
21.4,642,7,truck,0.72,1535,734,1772,933
21.4,642,2,car,0.697,1162,796,1409,1003
21.4,642,7,truck,0.643,1295,727,1492,906
21.4,642,2,car,0.466,1051,780,1198,871
21.433,643,7,truck,0.721,1535,734,1772,933
21.433,643,2,car,0.697,1162,795,1409,1003
21.433,643,7,truck,0.639,1295,727,1492,906
21.433,643,2,car,0.466,1051,780,1198,871
21.467,644,7,truck,0.719,1535,734,1772,933
21.467,644,2,car,0.696,1162,796,1409,1003
21.467,644,7,truck,0.643,1295,727,1492,906
21.467,644,2,car,0.468,1052,780,1198,871
21.5,645,7,truck,0.761,1535,732,1774,936
21.5,645,2,car,0.72,1166,796,1410,1003
21.5,645,7,truck,0.631,1293,728,1493,906
21.5,645,2,car,0.466,1050,781,1199,871
21.533,646,2,car,0.697,1160,783,1413,1003
21.533,646,7,truck,0.69,1301,716,1494,901
21.533,646,5,bus,0.608,1540,723,1787,926
21.533,646,2,car,0.599,1038,768,1188,863
21.567,647,2,car,0.697,1158,779,1417,1001
21.567,647,7,truck,0.586,1305,712,1489,895
21.567,647,2,car,0.525,1086,769,1201,859
21.567,647,5,bus,0.479,1544,718,1800,924
21.6,648,2,car,0.696,1158,780,1417,1001
21.6,648,7,truck,0.587,1305,712,1490,895
21.6,648,2,car,0.518,1086,770,1202,859
21.6,648,5,bus,0.5,1544,718,1801,924
21.633,649,7,truck,0.686,1549,711,1814,924
21.633,649,2,car,0.684,1159,779,1420,999
21.633,649,2,car,0.571,1084,765,1191,856
21.633,649,7,truck,0.565,1304,708,1492,885
21.633,649,5,bus,0.487,1304,710,1492,883
21.633,649,2,car,0.477,1036,759,1194,856
21.667,650,2,car,0.686,1159,779,1420,999
21.667,650,7,truck,0.685,1549,711,1814,925
21.667,650,2,car,0.571,1084,765,1191,856
21.667,650,7,truck,0.563,1304,708,1492,885
21.667,650,5,bus,0.496,1304,710,1492,883
21.667,650,2,car,0.477,1036,759,1194,856
21.7,651,2,car,0.717,1164,778,1422,998
21.7,651,2,car,0.59,1053,762,1188,851
21.7,651,7,truck,0.566,1302,707,1493,881
21.7,651,5,bus,0.528,1552,710,1815,922
21.7,651,7,truck,0.504,1553,711,1817,922
21.733,652,7,truck,0.771,1554,708,1818,923
21.733,652,2,car,0.657,1162,775,1425,996
21.733,652,7,truck,0.632,1302,705,1492,882
21.733,652,2,car,0.575,1034,756,1201,848
21.767,653,2,car,0.706,1161,775,1428,995
21.767,653,7,truck,0.633,1556,704,1820,919
21.767,653,2,car,0.604,1035,753,1182,849
21.767,653,7,truck,0.588,1304,704,1491,882
21.8,654,2,car,0.691,1164,775,1430,996
21.8,654,7,truck,0.667,1557,704,1826,922
21.8,654,7,truck,0.584,1302,704,1491,882
21.8,654,2,car,0.522,1069,757,1180,849
21.8,654,5,bus,0.429,1302,706,1492,880
21.833,655,2,car,0.714,1165,775,1432,996
21.833,655,7,truck,0.533,1302,703,1492,881
21.833,655,5,bus,0.523,1301,704,1492,879
21.833,655,2,car,0.516,1080,757,1182,849
21.833,655,7,truck,0.504,1560,701,1829,923
21.833,655,2,car,0.486,1037,754,1183,848
21.833,655,5,bus,0.433,1559,701,1828,920
21.867,656,2,car,0.715,1165,775,1432,996
21.867,656,7,truck,0.537,1302,703,1492,882
21.867,656,7,truck,0.517,1560,701,1829,923
21.867,656,5,bus,0.516,1301,704,1492,879
21.867,656,2,car,0.513,1079,757,1182,849
21.867,656,2,car,0.485,1037,754,1183,848
21.867,656,5,bus,0.424,1559,701,1828,920
21.9,657,2,car,0.715,1166,775,1432,996
21.9,657,7,truck,0.536,1302,703,1492,881
21.9,657,2,car,0.518,1078,757,1183,849
21.9,657,5,bus,0.514,1301,704,1492,879
21.9,657,7,truck,0.504,1560,701,1829,923
21.9,657,2,car,0.496,1037,754,1183,848
21.9,657,5,bus,0.428,1559,701,1828,920
21.933,658,7,truck,0.677,1562,698,1834,921
21.933,658,2,car,0.668,1166,775,1435,995
21.933,658,7,truck,0.585,1302,703,1491,882
21.933,658,2,car,0.502,1086,759,1180,848
21.933,658,5,bus,0.479,1301,704,1492,881
21.933,658,2,car,0.405,1038,756,1181,847
21.967,659,7,truck,0.666,1568,696,1846,917
21.967,659,2,car,0.644,1163,773,1444,999
21.967,659,2,car,0.62,1085,757,1178,847
21.967,659,7,truck,0.514,1300,701,1491,876
21.967,659,5,bus,0.428,1300,701,1492,873
22.0,660,7,truck,0.668,1568,696,1846,917
22.0,660,2,car,0.646,1163,773,1444,999
22.0,660,2,car,0.62,1085,757,1178,847
22.0,660,7,truck,0.511,1300,701,1491,876
22.0,660,5,bus,0.435,1299,701,1492,873
22.0,660,2,car,0.403,1143,788,1210,883
22.033,661,2,car,0.678,1169,764,1447,999
22.033,661,2,car,0.635,1086,756,1178,846
22.033,661,7,truck,0.634,1570,696,1850,920
22.033,661,5,bus,0.521,1299,700,1492,869
22.033,661,5,bus,0.517,1570,696,1851,919
22.033,661,2,car,0.441,1142,786,1211,883
22.067,662,7,truck,0.696,1576,693,1858,924
22.067,662,2,car,0.629,1168,761,1451,1000
22.067,662,2,car,0.579,1085,757,1179,846
22.067,662,5,bus,0.558,1300,699,1493,864
22.067,662,2,car,0.442,1142,785,1211,883
22.1,663,7,truck,0.703,1576,694,1858,924
22.1,663,2,car,0.642,1168,761,1451,1000
22.1,663,2,car,0.576,1085,757,1179,846
22.1,663,5,bus,0.56,1300,698,1493,863
22.1,663,2,car,0.443,1142,785,1211,883
22.133,664,7,truck,0.742,1580,694,1866,925
22.133,664,2,car,0.69,1168,760,1453,1001
22.133,664,2,car,0.568,1083,758,1177,847
22.133,664,5,bus,0.529,1301,699,1495,860
22.133,664,2,car,0.452,1142,792,1210,883
22.167,665,7,truck,0.737,1580,694,1866,925
22.167,665,2,car,0.687,1168,759,1453,1001
22.167,665,2,car,0.567,1082,759,1177,847
22.167,665,5,bus,0.524,1298,699,1495,859
22.167,665,2,car,0.464,1142,788,1211,883
22.2,666,7,truck,0.736,1580,694,1866,925
22.2,666,2,car,0.682,1168,759,1453,1001
22.2,666,2,car,0.574,1082,758,1177,847
22.2,666,5,bus,0.528,1298,699,1495,859
22.2,666,2,car,0.452,1142,788,1211,883
22.233,667,5,bus,0.707,1580,693,1867,926
22.233,667,2,car,0.699,1168,759,1453,1003
22.233,667,2,car,0.546,1081,758,1177,848
22.233,667,2,car,0.478,1142,794,1210,884
22.233,667,5,bus,0.469,1297,699,1503,856
22.267,668,5,bus,0.698,1583,691,1878,921
22.267,668,2,car,0.69,1168,760,1460,1004
22.267,668,5,bus,0.436,1299,698,1494,853
22.267,668,2,car,0.425,1079,752,1185,847
22.267,668,2,car,0.408,1141,794,1210,885
22.3,669,5,bus,0.696,1583,691,1878,921
22.3,669,2,car,0.683,1168,760,1460,1005
22.3,669,5,bus,0.437,1298,698,1494,853
22.3,669,2,car,0.426,1079,752,1184,847
22.3,669,2,car,0.402,1141,794,1210,885
22.333,670,2,car,0.764,1167,763,1462,1008
22.333,670,5,bus,0.726,1593,690,1891,925
22.333,670,2,car,0.5,1138,785,1215,884
22.333,670,2,car,0.422,1048,748,1184,846
22.367,671,2,car,0.78,1169,764,1465,1011
22.367,671,5,bus,0.744,1590,690,1895,922
22.367,671,2,car,0.436,1018,747,1111,843
22.367,671,2,car,0.426,1137,784,1215,885
22.4,672,7,truck,0.7,1588,688,1900,925
22.4,672,2,car,0.682,1169,764,1471,1008
22.4,672,5,bus,0.451,1588,689,1900,925
22.4,672,2,car,0.449,1013,747,1113,842
22.4,672,2,car,0.408,1138,777,1216,886
22.433,673,7,truck,0.689,1588,688,1900,925
22.433,673,2,car,0.684,1169,763,1470,1008
22.433,673,5,bus,0.468,1588,689,1900,925
22.433,673,2,car,0.449,1013,747,1113,842
22.433,673,2,car,0.412,1138,777,1216,886
22.467,674,7,truck,0.683,1589,688,1900,925
22.467,674,2,car,0.68,1169,763,1470,1008
22.467,674,5,bus,0.477,1588,689,1900,925
22.467,674,2,car,0.454,1013,747,1112,843
22.467,674,2,car,0.412,1138,777,1216,886
22.5,675,2,car,0.8,1177,764,1471,1019
22.5,675,7,truck,0.74,1602,692,1923,935
22.5,675,2,car,0.543,1138,767,1224,894
22.5,675,2,car,0.445,1006,748,1113,848
22.533,676,2,car,0.793,1177,763,1470,1019
22.533,676,7,truck,0.773,1602,692,1923,936
22.533,676,2,car,0.538,1138,768,1225,894
22.533,676,2,car,0.446,1006,748,1113,848
22.567,677,7,truck,0.753,1604,691,1931,941
22.567,677,2,car,0.731,1179,764,1476,1023
22.567,677,2,car,0.518,1137,771,1225,895
22.567,677,2,car,0.499,1004,745,1114,845
22.567,677,5,bus,0.413,1294,702,1502,914
22.6,678,7,truck,0.753,1604,691,1931,940
22.6,678,2,car,0.732,1179,765,1477,1021
22.6,678,2,car,0.517,1137,771,1225,895
22.6,678,2,car,0.498,1004,745,1114,845
22.6,678,5,bus,0.412,1294,702,1502,914
22.633,679,2,car,0.776,1180,764,1481,1022
22.633,679,7,truck,0.602,1607,689,1935,942
22.633,679,5,bus,0.589,1606,690,1936,942
22.633,679,2,car,0.546,1137,770,1225,896
22.633,679,2,car,0.47,1004,743,1117,847
22.633,679,5,bus,0.409,1296,702,1508,905
22.667,680,2,car,0.777,1180,764,1481,1022
22.667,680,7,truck,0.601,1607,689,1936,942
22.667,680,5,bus,0.588,1606,690,1936,942
22.667,680,2,car,0.543,1137,770,1225,896
22.667,680,2,car,0.463,1004,743,1117,847
22.667,680,5,bus,0.403,1296,702,1508,907
22.7,681,2,car,0.748,1180,762,1486,1025
22.7,681,7,truck,0.732,1614,689,1941,945
22.7,681,2,car,0.552,1134,773,1225,897
22.7,681,2,car,0.507,1041,750,1171,849
22.7,681,2,car,0.439,1003,743,1114,848
22.7,681,5,bus,0.407,1618,689,1940,944
22.733,682,2,car,0.765,1180,763,1490,1025
22.733,682,7,truck,0.733,1620,689,1948,945
22.733,682,5,bus,0.581,1625,689,1947,944
22.733,682,2,car,0.538,1003,743,1111,851
22.733,682,2,car,0.519,1050,751,1169,850
22.733,682,2,car,0.475,1004,745,1169,854
22.733,682,2,car,0.47,1133,767,1229,898
22.767,683,7,truck,0.829,1618,687,1952,945
22.767,683,2,car,0.789,1181,765,1495,1027
22.767,683,5,bus,0.536,1622,687,1952,946
22.767,683,2,car,0.472,1029,750,1171,852
22.767,683,2,car,0.466,1131,769,1232,899
22.767,683,2,car,0.453,1001,743,1113,850
22.8,684,7,truck,0.832,1618,687,1952,945
22.8,684,2,car,0.787,1181,765,1495,1027
22.8,684,5,bus,0.519,1623,687,1952,945
22.8,684,2,car,0.483,1001,743,1113,850
22.8,684,2,car,0.473,1040,751,1171,851
22.8,684,2,car,0.462,1131,769,1233,899
22.833,685,7,truck,0.861,1618,686,1956,949
22.833,685,2,car,0.801,1182,765,1502,1028
22.833,685,2,car,0.57,1001,746,1108,851
22.833,685,2,car,0.563,1054,753,1172,852
22.833,685,2,car,0.523,1125,772,1232,901
22.867,686,7,truck,0.891,1615,687,1962,957
22.867,686,2,car,0.763,1182,769,1500,1031
22.867,686,2,car,0.613,1051,752,1169,854
22.867,686,2,car,0.534,1123,772,1241,904
22.867,686,2,car,0.511,994,747,1094,850
22.9,687,7,truck,0.885,1616,687,1965,961
22.9,687,2,car,0.754,1183,770,1498,1033
22.9,687,2,car,0.609,1053,753,1167,852
22.9,687,2,car,0.548,1126,764,1255,906
22.9,687,2,car,0.527,992,747,1101,849
22.933,688,7,truck,0.885,1616,687,1965,961
22.933,688,2,car,0.75,1183,771,1497,1034
22.933,688,2,car,0.609,1053,752,1167,852
22.933,688,2,car,0.552,1125,764,1254,905
22.933,688,2,car,0.514,992,747,1102,849
22.967,689,7,truck,0.881,1616,687,1965,961
22.967,689,2,car,0.741,1183,771,1497,1034
22.967,689,2,car,0.607,1051,752,1167,852
22.967,689,2,car,0.554,1125,765,1254,906
22.967,689,2,car,0.504,992,747,1105,848
23.0,690,7,truck,0.867,1624,681,1983,965
23.0,690,2,car,0.708,1189,767,1512,1041
23.0,690,2,car,0.628,1044,752,1155,860
23.0,690,2,car,0.618,1126,780,1238,909
23.033,691,7,truck,0.869,1623,681,1983,965
23.033,691,2,car,0.703,1189,767,1512,1041
23.033,691,2,car,0.626,1044,752,1155,860
23.033,691,2,car,0.617,1126,780,1238,909
23.067,692,7,truck,0.863,1623,681,1991,972
23.067,692,2,car,0.763,1193,766,1516,1041
23.067,692,2,car,0.657,1124,781,1235,908
23.067,692,2,car,0.625,1041,750,1154,859
23.067,692,2,car,0.43,980,748,1085,849
23.1,693,7,truck,0.864,1623,681,1991,972
23.1,693,2,car,0.764,1193,766,1516,1041
23.1,693,2,car,0.656,1124,781,1235,908
23.1,693,2,car,0.624,1041,750,1154,859
23.1,693,2,car,0.431,980,749,1085,849
23.133,694,7,truck,0.84,1627,682,1992,970
23.133,694,2,car,0.785,1196,764,1516,1041
23.133,694,2,car,0.726,1124,782,1234,909
23.133,694,2,car,0.623,1040,750,1155,860
23.133,694,2,car,0.49,976,748,1083,850
23.167,695,7,truck,0.84,1627,682,1996,970
23.167,695,2,car,0.687,1122,782,1236,908
23.167,695,2,car,0.565,1196,759,1518,1042
23.167,695,2,car,0.557,1038,751,1154,860
23.167,695,2,car,0.412,976,750,1155,860
23.2,696,7,truck,0.849,1625,678,2012,971
23.2,696,2,car,0.716,1120,782,1240,908
23.2,696,2,car,0.651,974,746,1150,860
23.2,696,2,car,0.544,1197,743,1517,1042
23.2,696,7,truck,0.454,1198,699,1520,1043
23.233,697,7,truck,0.864,1626,675,2011,969
23.233,697,2,car,0.717,1119,783,1241,908
23.233,697,2,car,0.524,1198,755,1518,1043
23.233,697,2,car,0.514,978,748,1149,858
23.233,697,2,car,0.401,1035,751,1150,861
23.267,698,7,truck,0.871,1626,672,2014,973
23.267,698,2,car,0.684,1114,780,1246,909
23.267,698,7,truck,0.584,1200,695,1519,1044
23.267,698,2,car,0.552,1200,705,1519,1043
23.267,698,2,car,0.54,973,747,1147,858
23.3,699,7,truck,0.871,1626,672,2014,973
23.3,699,2,car,0.688,1114,780,1246,909
23.3,699,7,truck,0.582,1200,695,1519,1043
23.3,699,2,car,0.543,1200,706,1519,1042
23.3,699,2,car,0.543,973,747,1147,858
23.333,700,7,truck,0.87,1626,672,2014,973
23.333,700,2,car,0.684,1114,780,1246,909
23.333,700,7,truck,0.574,1200,695,1519,1043
23.333,700,2,car,0.555,973,746,1147,858
23.333,700,2,car,0.549,1200,707,1519,1043
23.367,701,7,truck,0.883,1629,671,2024,972
23.367,701,2,car,0.757,1111,782,1251,911
23.367,701,2,car,0.597,1203,716,1522,1044
23.367,701,7,truck,0.54,1202,696,1523,1045
23.367,701,2,car,0.467,994,748,1143,860
23.4,702,7,truck,0.889,1629,672,2028,977
23.4,702,2,car,0.78,1109,778,1249,910
23.4,702,7,truck,0.656,1205,694,1523,1044
23.4,702,2,car,0.526,984,747,1143,860
23.4,702,2,car,0.467,1205,719,1522,1044
23.4,702,2,car,0.432,1028,752,1144,861
23.433,703,7,truck,0.884,1629,672,2028,977
23.433,703,2,car,0.781,1109,779,1248,910
23.433,703,7,truck,0.67,1205,694,1523,1044
23.433,703,2,car,0.516,973,747,1143,860
23.433,703,2,car,0.454,1205,719,1522,1044
23.433,703,2,car,0.407,1028,752,1144,861
23.467,704,7,truck,0.885,1629,672,2028,978
23.467,704,2,car,0.772,1109,778,1247,910
23.467,704,7,truck,0.691,1205,694,1523,1044
23.467,704,2,car,0.517,970,746,1143,860
23.467,704,2,car,0.464,1205,712,1522,1044
23.5,705,7,truck,0.876,1638,669,2039,982
23.5,705,2,car,0.813,1099,780,1243,910
23.5,705,2,car,0.728,1208,761,1526,1043
23.5,705,2,car,0.605,975,746,1141,860
23.533,706,7,truck,0.866,1640,671,2043,983
23.533,706,2,car,0.821,1098,782,1241,910
23.533,706,2,car,0.688,1212,759,1528,1044
23.533,706,2,car,0.557,972,744,1139,860
23.567,707,7,truck,0.866,1640,671,2043,983
23.567,707,2,car,0.822,1098,782,1242,910
23.567,707,2,car,0.69,1212,759,1528,1044
23.567,707,2,car,0.559,973,744,1139,860
23.6,708,7,truck,0.868,1643,671,2052,980
23.6,708,2,car,0.799,1097,783,1240,913
23.6,708,2,car,0.648,947,742,1133,860
23.6,708,2,car,0.625,1217,758,1534,1046
23.6,708,7,truck,0.418,1218,703,1534,1047
23.633,709,7,truck,0.883,1641,669,2056,985
23.633,709,2,car,0.81,1097,788,1240,915
23.633,709,7,truck,0.59,1223,702,1534,1046
23.633,709,2,car,0.576,945,742,1130,861
23.633,709,2,car,0.425,1009,747,1130,864
23.633,709,2,car,0.423,1223,760,1534,1046
23.667,710,7,truck,0.884,1641,669,2056,984
23.667,710,2,car,0.812,1096,788,1240,915
23.667,710,7,truck,0.593,1223,702,1534,1046
23.667,710,2,car,0.578,945,742,1130,861
23.667,710,2,car,0.418,1223,760,1534,1046
23.667,710,2,car,0.417,1009,747,1130,864
23.7,711,7,truck,0.884,1641,669,2056,984
23.7,711,2,car,0.81,1097,788,1239,915
23.7,711,2,car,0.585,945,742,1131,861
23.7,711,7,truck,0.568,1223,702,1534,1046
23.7,711,2,car,0.436,1223,760,1534,1046
23.733,712,7,truck,0.878,1639,670,2077,991
23.733,712,2,car,0.806,1094,786,1241,920
23.733,712,7,truck,0.616,1227,698,1538,1049
23.733,712,2,car,0.55,941,743,1123,869
23.767,713,7,truck,0.879,1639,670,2077,991
23.767,713,2,car,0.808,1094,786,1241,920
23.767,713,7,truck,0.621,1227,698,1538,1049
23.767,713,2,car,0.552,941,743,1123,869
23.8,714,7,truck,0.897,1641,671,2082,994
23.8,714,2,car,0.803,1092,788,1244,921
23.8,714,2,car,0.645,998,750,1122,872
23.8,714,2,car,0.511,1232,772,1546,1051
23.8,714,7,truck,0.489,1232,765,1545,1051
23.833,715,7,truck,0.875,1645,671,2083,995
23.833,715,2,car,0.811,1091,790,1247,922
23.833,715,2,car,0.672,1236,772,1548,1051
23.833,715,2,car,0.639,996,753,1124,873
23.867,716,7,truck,0.875,1642,671,2088,996
23.867,716,2,car,0.798,1090,791,1251,923
23.867,716,2,car,0.66,1237,773,1548,1051
23.867,716,2,car,0.588,989,750,1120,875
23.867,716,2,car,0.433,933,747,1118,874
23.9,717,7,truck,0.873,1642,671,2088,996
23.9,717,2,car,0.798,1090,791,1251,923
23.9,717,2,car,0.662,1237,773,1548,1051
23.9,717,2,car,0.587,989,750,1120,875
23.9,717,2,car,0.44,933,747,1118,875
23.933,718,7,truck,0.873,1642,671,2088,996
23.933,718,2,car,0.796,1090,791,1251,923
23.933,718,2,car,0.667,1237,772,1548,1051
23.933,718,2,car,0.583,988,750,1120,875
23.933,718,2,car,0.457,936,749,1119,873
23.967,719,7,truck,0.88,1646,665,2110,996
23.967,719,2,car,0.763,1085,788,1252,923
23.967,719,2,car,0.699,1243,773,1556,1055
23.967,719,2,car,0.547,976,748,1120,875
23.967,719,2,car,0.488,917,746,1118,874
24.0,720,7,truck,0.882,1645,665,2111,996
24.0,720,2,car,0.765,1085,789,1253,923
24.0,720,2,car,0.71,1243,773,1556,1055
24.0,720,2,car,0.567,978,748,1121,875
24.0,720,2,car,0.434,915,747,1121,876
24.033,721,7,truck,0.863,1647,666,2115,994
24.033,721,2,car,0.792,1083,790,1254,923
24.033,721,2,car,0.642,1245,773,1559,1055
24.033,721,2,car,0.59,973,748,1120,875
24.033,721,7,truck,0.523,1246,774,1559,1055
24.067,722,7,truck,0.88,1648,666,2124,1001
24.067,722,2,car,0.762,1082,789,1251,924
24.067,722,2,car,0.613,1247,773,1560,1054
24.067,722,7,truck,0.541,1245,774,1560,1055
24.067,722,2,car,0.525,974,753,1120,876
24.067,722,2,car,0.42,913,746,1097,874
24.067,722,7,truck,0.403,1217,706,1393,913
24.1,723,7,truck,0.881,1648,666,2124,1001
24.1,723,2,car,0.762,1083,789,1251,924
24.1,723,2,car,0.61,1247,773,1560,1055
24.1,723,7,truck,0.54,1245,774,1560,1055
24.1,723,2,car,0.524,974,753,1120,876
24.1,723,2,car,0.418,913,746,1097,874
24.1,723,7,truck,0.404,1217,706,1393,913
24.133,724,7,truck,0.86,1652,666,2135,1003
24.133,724,2,car,0.814,1080,784,1244,925
24.133,724,2,car,0.772,1247,772,1565,1055
24.133,724,2,car,0.728,910,743,1112,876
24.167,725,7,truck,0.832,1654,664,2140,1005
24.167,725,2,car,0.805,1079,787,1244,926
24.167,725,2,car,0.786,1249,772,1567,1056
24.167,725,2,car,0.562,905,745,1114,872
24.2,726,7,truck,0.833,1654,664,2140,1005
24.2,726,2,car,0.808,1079,787,1244,926
24.2,726,2,car,0.788,1249,772,1567,1056
24.2,726,2,car,0.569,905,745,1114,872
24.233,727,7,truck,0.823,1652,664,2138,1004
24.233,727,2,car,0.803,1079,787,1244,926
24.233,727,2,car,0.787,1248,772,1567,1056
24.233,727,2,car,0.588,905,745,1113,872
24.267,728,7,truck,0.878,1655,664,2142,1010
24.267,728,2,car,0.778,1078,786,1245,926
24.267,728,2,car,0.757,1249,772,1568,1056
24.267,728,2,car,0.503,923,747,1114,873
24.3,729,7,truck,0.898,1656,662,2151,1010
24.3,729,2,car,0.791,1077,786,1246,926
24.3,729,2,car,0.757,1252,773,1569,1055
24.3,729,2,car,0.562,909,746,1111,873
24.333,730,7,truck,0.854,1663,663,2169,1012
24.333,730,2,car,0.746,1074,781,1244,929
24.333,730,2,car,0.7,1262,774,1576,1057
24.333,730,2,car,0.694,893,745,1096,876
24.367,731,7,truck,0.822,1666,659,2187,1024
24.367,731,2,car,0.783,1069,785,1243,930
24.367,731,2,car,0.781,886,747,1091,877
24.367,731,2,car,0.777,1262,776,1580,1059
24.4,732,7,truck,0.824,1667,659,2186,1024
24.4,732,2,car,0.785,1069,785,1244,930
24.4,732,2,car,0.784,886,747,1091,878
24.4,732,2,car,0.777,1262,776,1580,1059
24.433,733,7,truck,0.814,1667,659,2186,1024
24.433,733,2,car,0.788,1069,785,1244,930
24.433,733,2,car,0.788,886,747,1091,878
24.433,733,2,car,0.784,1262,776,1580,1059
24.467,734,7,truck,0.814,1667,659,2186,1023
24.467,734,2,car,0.786,1069,785,1244,930
24.467,734,2,car,0.785,886,747,1090,878
24.467,734,2,car,0.779,1262,776,1580,1059
24.5,735,2,car,0.844,885,746,1090,882
24.5,735,7,truck,0.834,1670,654,2202,1029
24.5,735,2,car,0.774,1268,776,1583,1059
24.5,735,2,car,0.691,1067,785,1242,931
24.533,736,7,truck,0.836,1672,649,2220,1034
24.533,736,2,car,0.818,877,747,1093,884
24.533,736,2,car,0.786,1271,778,1588,1061
24.533,736,2,car,0.748,1064,789,1244,934
24.567,737,7,truck,0.845,1672,650,2221,1035
24.567,737,2,car,0.797,1271,778,1587,1059
24.567,737,2,car,0.796,877,747,1093,884
24.567,737,2,car,0.769,1064,789,1245,934
24.6,738,2,car,0.797,1270,777,1588,1059
24.6,738,7,truck,0.79,1674,648,2221,1038
24.6,738,2,car,0.781,1059,791,1244,935
24.6,738,2,car,0.756,875,747,1091,882
24.633,739,2,car,0.796,1270,777,1588,1059
24.633,739,7,truck,0.789,1674,648,2221,1038
24.633,739,2,car,0.777,1059,791,1244,935
24.633,739,2,car,0.755,875,747,1091,882
24.667,740,2,car,0.844,1272,780,1591,1059
24.667,740,7,truck,0.836,1675,648,2222,1043
24.667,740,2,car,0.81,1056,790,1245,937
24.667,740,2,car,0.789,865,745,1080,883
24.7,741,2,car,0.844,1273,780,1591,1059
24.7,741,7,truck,0.837,1675,648,2222,1043
24.7,741,2,car,0.81,1056,790,1245,937
24.7,741,2,car,0.79,865,745,1080,883
24.733,742,7,truck,0.831,1681,643,2222,1041
24.733,742,2,car,0.823,1274,778,1592,1059
24.733,742,2,car,0.799,1053,788,1245,937
24.733,742,2,car,0.777,861,744,1080,884
24.733,742,7,truck,0.436,1194,711,1357,867
24.767,743,2,car,0.83,1275,776,1592,1062
24.767,743,7,truck,0.816,1683,639,2222,1044
24.767,743,2,car,0.799,1053,788,1245,937
24.767,743,2,car,0.778,861,744,1080,884
24.767,743,7,truck,0.418,1194,711,1356,867
24.8,744,2,car,0.829,1275,777,1592,1062
24.8,744,7,truck,0.826,1684,638,2222,1044
24.8,744,2,car,0.798,1053,788,1245,937
24.8,744,2,car,0.775,862,744,1081,885
24.8,744,7,truck,0.444,1194,711,1356,867
24.833,745,7,truck,0.836,1684,642,2222,1046
24.833,745,2,car,0.829,1276,778,1593,1061
24.833,745,2,car,0.797,1051,785,1245,937
24.833,745,2,car,0.796,859,745,1082,885
24.867,746,7,truck,0.873,1697,638,2223,1053
24.867,746,2,car,0.809,1048,787,1241,939
24.867,746,2,car,0.807,1279,779,1594,1059
24.867,746,2,car,0.746,847,742,1071,889
24.9,747,7,truck,0.875,1696,639,2223,1053
24.9,747,2,car,0.809,1048,788,1241,939
24.9,747,2,car,0.807,1279,779,1594,1059
24.9,747,2,car,0.747,847,742,1071,889
24.933,748,7,truck,0.873,1697,638,2223,1053
24.933,748,2,car,0.809,1048,788,1241,939
24.933,748,2,car,0.805,1279,779,1594,1059
24.933,748,2,car,0.749,847,742,1071,889
24.967,749,7,truck,0.865,1700,635,2222,1057
24.967,749,2,car,0.816,1046,795,1238,942
24.967,749,2,car,0.814,1279,781,1594,1059
24.967,749,2,car,0.769,843,742,1066,891
25.0,750,7,truck,0.865,1700,635,2222,1058
25.0,750,2,car,0.815,1046,791,1240,941
25.0,750,2,car,0.807,1280,781,1594,1058
25.0,750,2,car,0.766,843,742,1066,891
25.033,751,7,truck,0.866,1700,635,2222,1058
25.033,751,2,car,0.818,1046,790,1240,941
25.033,751,2,car,0.808,1280,781,1594,1058
25.033,751,2,car,0.771,843,742,1067,891
25.067,752,2,car,0.825,1043,789,1240,942
25.067,752,2,car,0.8,1280,781,1594,1057
25.067,752,2,car,0.766,834,743,1065,894
25.067,752,7,truck,0.733,1705,632,2222,1049
25.1,753,2,car,0.826,1043,789,1240,942
25.1,753,2,car,0.8,1280,781,1594,1057
25.1,753,2,car,0.768,834,743,1065,894
25.1,753,7,truck,0.723,1705,632,2222,1049
25.133,754,2,car,0.858,1041,788,1239,942
25.133,754,2,car,0.827,1279,782,1595,1057
25.133,754,2,car,0.789,830,743,1066,893
25.133,754,7,truck,0.722,1713,627,2223,1047
25.133,754,2,car,0.583,1177,712,1330,868
25.167,755,2,car,0.854,1042,788,1236,942
25.167,755,2,car,0.84,1279,781,1595,1057
25.167,755,2,car,0.784,830,743,1061,894
25.167,755,7,truck,0.697,1708,625,2222,1053
25.167,755,2,car,0.628,1178,713,1325,868
25.2,756,2,car,0.853,1042,788,1236,943
25.2,756,2,car,0.839,1279,780,1595,1057
25.2,756,2,car,0.779,830,743,1061,893
25.2,756,7,truck,0.692,1708,625,2222,1054
25.2,756,2,car,0.623,1178,713,1325,868
25.233,757,2,car,0.867,1279,780,1595,1056
25.233,757,2,car,0.849,1037,787,1235,942
25.233,757,7,truck,0.847,1718,619,2222,1054
25.233,757,2,car,0.786,823,741,1056,895
25.233,757,2,car,0.513,1175,711,1317,870
25.233,757,2,car,0.485,649,755,817,847
25.267,758,2,car,0.875,1030,788,1236,944
25.267,758,2,car,0.867,1279,780,1595,1058
25.267,758,7,truck,0.846,1723,617,2222,1057
25.267,758,2,car,0.808,820,742,1058,893
25.267,758,2,car,0.578,644,758,812,847
25.267,758,2,car,0.56,1170,712,1320,868
25.3,759,2,car,0.875,1030,788,1236,944
25.3,759,2,car,0.866,1279,780,1595,1058
25.3,759,7,truck,0.846,1723,617,2222,1057
25.3,759,2,car,0.811,820,742,1058,892
25.3,759,2,car,0.579,644,758,812,847
25.3,759,2,car,0.563,1170,712,1320,868
25.333,760,2,car,0.877,1025,789,1234,946
25.333,760,2,car,0.849,805,741,1058,897
25.333,760,7,truck,0.83,1731,608,2222,1069
25.333,760,2,car,0.822,1280,779,1597,1058
25.333,760,2,car,0.429,617,749,803,851
25.367,761,2,car,0.877,1025,789,1234,946
25.367,761,2,car,0.849,805,741,1058,897
25.367,761,7,truck,0.829,1731,608,2222,1070
25.367,761,2,car,0.821,1280,779,1597,1058
25.367,761,2,car,0.43,621,748,803,851
25.4,762,2,car,0.876,1025,789,1234,946
25.4,762,2,car,0.849,805,741,1058,897
25.4,762,7,truck,0.827,1731,607,2222,1070
25.4,762,2,car,0.821,1280,779,1597,1058
25.4,762,2,car,0.433,618,748,804,851
25.433,763,2,car,0.877,1025,789,1234,946
25.433,763,2,car,0.848,805,741,1058,897
25.433,763,2,car,0.829,1280,778,1597,1057
25.433,763,7,truck,0.823,1731,608,2222,1067
25.433,763,2,car,0.414,615,750,803,851
25.467,764,2,car,0.864,1022,789,1237,949
25.467,764,2,car,0.833,1280,777,1596,1058
25.467,764,2,car,0.727,802,740,1048,894
25.467,764,7,truck,0.691,1734,602,2222,1073
25.467,764,2,car,0.503,597,729,796,848
25.467,764,2,car,0.432,1158,711,1318,865
25.5,765,2,car,0.867,1022,789,1237,949
25.5,765,2,car,0.83,1280,777,1596,1057
25.5,765,2,car,0.726,802,740,1049,894
25.5,765,7,truck,0.68,1734,604,2223,1073
25.5,765,2,car,0.502,601,728,797,848
25.5,765,2,car,0.425,1159,711,1318,865
25.533,766,2,car,0.861,1020,787,1237,952
25.533,766,7,truck,0.855,1742,588,2222,1085
25.533,766,2,car,0.842,1278,773,1596,1060
25.533,766,2,car,0.767,789,738,1042,898
25.533,766,2,car,0.545,602,753,789,851
25.533,766,0,person,0.479,1723,788,1758,884
25.567,767,2,car,0.861,1020,787,1237,952
25.567,767,7,truck,0.856,1742,588,2222,1085
25.567,767,2,car,0.842,1278,773,1596,1060
25.567,767,2,car,0.769,789,738,1042,898
25.567,767,2,car,0.546,602,753,789,851
25.567,767,0,person,0.479,1723,788,1758,884
25.6,768,2,car,0.869,1019,788,1237,953
25.6,768,2,car,0.847,1277,774,1596,1060
25.6,768,7,truck,0.818,1746,591,2222,1084
25.6,768,2,car,0.731,786,737,1046,897
25.6,768,2,car,0.54,593,754,785,850
25.6,768,0,person,0.462,1724,787,1758,878
25.633,769,2,car,0.867,1019,788,1237,952
25.633,769,2,car,0.847,1278,774,1596,1060
25.633,769,7,truck,0.815,1746,591,2222,1084
25.633,769,2,car,0.727,786,737,1047,897
25.633,769,2,car,0.545,593,754,785,850
25.633,769,0,person,0.466,1725,787,1758,878
25.667,770,2,car,0.862,1015,787,1236,956
25.667,770,2,car,0.852,1277,775,1598,1058
25.667,770,2,car,0.788,773,737,1031,900
25.667,770,9,traffic light,0.552,174,382,212,470
25.667,770,5,bus,0.53,1754,572,2222,1090
25.667,770,0,person,0.516,1727,789,1760,884
25.667,770,2,car,0.455,535,749,780,850
25.667,770,7,truck,0.439,1753,573,2221,1091
25.7,771,2,car,0.861,1015,787,1236,956
25.7,771,2,car,0.853,1277,775,1598,1058
25.7,771,2,car,0.785,773,737,1031,900
25.7,771,9,traffic light,0.549,174,382,213,470
25.7,771,0,person,0.517,1727,789,1760,884
25.7,771,5,bus,0.503,1754,572,2222,1090
25.7,771,2,car,0.463,538,750,779,850
25.7,771,7,truck,0.456,1753,573,2221,1091
25.733,772,2,car,0.866,1015,786,1235,958
25.733,772,2,car,0.825,1277,776,1598,1058
25.733,772,2,car,0.803,772,738,1029,901
25.733,772,7,truck,0.792,1758,569,2222,1092
25.733,772,2,car,0.721,518,754,778,851
25.733,772,0,person,0.493,1728,790,1761,886
25.733,772,2,car,0.415,1150,713,1283,864
25.767,773,2,car,0.866,1015,786,1235,958
25.767,773,2,car,0.837,1277,776,1598,1057
25.767,773,7,truck,0.812,1759,569,2222,1092
25.767,773,2,car,0.805,772,738,1029,901
25.767,773,2,car,0.72,521,754,778,850
25.767,773,0,person,0.495,1728,790,1761,886
25.767,773,2,car,0.403,1150,713,1283,864
25.8,774,2,car,0.827,1010,789,1236,957
25.8,774,2,car,0.815,1279,779,1599,1057
25.8,774,2,car,0.755,761,737,1030,903
25.8,774,7,truck,0.714,1762,560,2222,1097
25.8,774,2,car,0.585,547,753,776,848
25.8,774,0,person,0.491,1729,792,1762,885
25.8,774,0,person,0.427,1735,795,1768,886
25.833,775,2,car,0.83,1003,790,1231,960
25.833,775,2,car,0.824,1282,783,1600,1057
25.833,775,2,car,0.821,755,735,1023,905
25.833,775,0,person,0.669,1735,792,1772,888
25.833,775,7,truck,0.571,1775,566,2222,1104
25.833,775,2,car,0.549,531,752,758,852
25.833,775,9,traffic light,0.449,129,369,168,465
25.833,775,0,person,0.408,300,737,355,881
25.867,776,2,car,0.833,1003,790,1232,959
25.867,776,2,car,0.822,756,735,1023,905
25.867,776,2,car,0.819,1282,783,1600,1057
25.867,776,0,person,0.663,1735,792,1772,888
25.867,776,7,truck,0.618,1775,566,2222,1104
25.867,776,2,car,0.569,532,752,759,853
25.867,776,9,traffic light,0.431,129,369,168,465
25.867,776,0,person,0.413,300,737,355,882
25.9,777,2,car,0.832,1003,790,1231,959
25.9,777,2,car,0.821,756,736,1023,905
25.9,777,2,car,0.819,1282,783,1600,1057
25.9,777,0,person,0.671,1735,792,1772,888
25.9,777,7,truck,0.635,1775,567,2222,1104
25.9,777,2,car,0.546,530,752,759,851
25.933,778,2,car,0.836,1003,790,1231,960
25.933,778,2,car,0.83,1283,785,1600,1057
25.933,778,2,car,0.822,755,735,1024,905
25.933,778,0,person,0.666,1735,792,1772,888
25.933,778,7,truck,0.609,1776,566,2222,1104
25.933,778,2,car,0.549,529,752,757,851
25.933,778,0,person,0.403,301,737,355,881
25.967,779,2,car,0.859,1003,790,1233,961
25.967,779,2,car,0.848,1284,783,1599,1057
25.967,779,2,car,0.791,753,737,1017,904
25.967,779,0,person,0.634,1736,793,1769,890
25.967,779,2,car,0.618,506,755,752,855
25.967,779,7,truck,0.576,1778,569,2223,1107
25.967,779,9,traffic light,0.543,118,367,160,458
26.0,780,2,car,0.837,992,793,1230,964
26.0,780,2,car,0.822,734,736,1014,908
26.0,780,2,car,0.776,1284,780,1596,1054
26.0,780,0,person,0.703,1735,790,1770,893
26.0,780,2,car,0.591,491,754,741,854
26.0,780,5,bus,0.431,1786,569,2223,1117
26.0,780,2,car,0.403,1228,830,1309,914
26.033,781,2,car,0.838,992,793,1231,964
26.033,781,2,car,0.823,734,736,1013,908
26.033,781,2,car,0.779,1285,780,1596,1054
26.033,781,0,person,0.699,1735,790,1770,892
26.033,781,2,car,0.591,490,755,742,854
26.033,781,5,bus,0.46,1785,570,2223,1117
26.033,781,2,car,0.42,1228,830,1309,914
26.067,782,2,car,0.835,992,793,1232,964
26.067,782,2,car,0.819,734,736,1013,908
26.067,782,2,car,0.781,1285,781,1596,1054
26.067,782,0,person,0.699,1735,791,1770,892
26.067,782,2,car,0.619,492,754,741,854
26.067,782,5,bus,0.457,1785,569,2222,1118
26.067,782,2,car,0.419,1228,829,1309,914
26.1,783,2,car,0.85,985,792,1221,968
26.1,783,2,car,0.822,1285,780,1596,1052
26.1,783,2,car,0.786,724,731,1004,909
26.1,783,2,car,0.667,469,753,727,854
26.1,783,0,person,0.576,1737,795,1772,892
26.1,783,5,bus,0.56,1793,556,2223,1137
26.1,783,9,traffic light,0.546,57,351,97,444
26.133,784,2,car,0.85,985,792,1221,967
26.133,784,2,car,0.835,1286,780,1595,1053
26.133,784,2,car,0.792,724,731,1003,909
26.133,784,2,car,0.677,468,753,727,854
26.133,784,5,bus,0.592,1793,556,2223,1138
26.133,784,0,person,0.565,1737,795,1772,892
26.133,784,9,traffic light,0.551,57,351,98,444
26.167,785,2,car,0.848,985,792,1222,967
26.167,785,2,car,0.837,1286,780,1596,1053
26.167,785,2,car,0.795,724,731,1003,909
26.167,785,2,car,0.682,468,754,727,854
26.167,785,0,person,0.57,1737,796,1772,892
26.167,785,5,bus,0.57,1793,557,2223,1138
26.167,785,9,traffic light,0.555,57,351,98,444
26.2,786,2,car,0.854,982,791,1223,968
26.2,786,2,car,0.818,715,731,997,912
26.2,786,2,car,0.79,1286,777,1596,1049
26.2,786,2,car,0.558,459,751,720,853
26.2,786,0,person,0.493,1738,796,1773,892
26.2,786,7,truck,0.473,1801,560,2221,1144
26.233,787,2,car,0.864,974,790,1215,968
26.233,787,2,car,0.849,701,730,997,915
26.233,787,7,truck,0.747,1809,544,2222,1160
26.233,787,2,car,0.739,1288,776,1595,1048
26.233,787,2,car,0.667,399,752,706,855
26.233,787,0,person,0.641,1740,796,1775,894
26.233,787,2,car,0.455,1219,786,1343,912
26.267,788,2,car,0.862,974,790,1215,968
26.267,788,2,car,0.847,701,730,997,915
26.267,788,2,car,0.743,1288,776,1595,1049
26.267,788,7,truck,0.73,1809,545,2222,1160
26.267,788,2,car,0.656,400,752,707,855
26.267,788,0,person,0.634,1739,796,1774,894
26.267,788,2,car,0.459,1219,786,1343,912
26.3,789,2,car,0.836,694,729,986,915
26.3,789,2,car,0.832,971,788,1216,969
26.3,789,2,car,0.773,417,751,700,855
26.3,789,7,truck,0.728,1812,538,2221,1164
26.3,789,2,car,0.65,1289,774,1595,1048
26.3,789,0,person,0.598,1739,796,1775,895
26.3,789,2,car,0.512,1218,781,1332,911
26.333,790,2,car,0.836,694,730,986,915
26.333,790,2,car,0.83,971,788,1216,969
26.333,790,2,car,0.772,417,751,700,855
26.333,790,7,truck,0.731,1812,538,2221,1164
26.333,790,2,car,0.647,1288,774,1595,1048
26.333,790,0,person,0.595,1739,796,1775,895
26.333,790,2,car,0.51,1218,781,1331,911
26.367,791,2,car,0.836,694,730,986,915
26.367,791,2,car,0.828,971,788,1215,969
26.367,791,2,car,0.776,416,751,700,856
26.367,791,7,truck,0.74,1812,538,2221,1164
26.367,791,2,car,0.654,1288,774,1595,1048
26.367,791,0,person,0.576,1739,796,1775,895
26.367,791,2,car,0.516,1218,781,1331,911
26.4,792,2,car,0.831,679,730,981,914
26.4,792,7,truck,0.817,1819,538,2222,1160
26.4,792,2,car,0.815,965,788,1220,970
26.4,792,2,car,0.706,1288,772,1595,1049
26.4,792,2,car,0.683,1212,778,1344,905
26.4,792,0,person,0.665,1741,796,1776,893
26.4,792,2,car,0.59,386,747,688,853
26.4,792,0,person,0.526,1658,772,1686,864
26.433,793,2,car,0.832,679,730,981,914
26.433,793,7,truck,0.819,1819,538,2222,1160
26.433,793,2,car,0.817,965,788,1220,970
26.433,793,2,car,0.707,1288,772,1595,1049
26.433,793,2,car,0.683,1212,778,1345,905
26.433,793,0,person,0.667,1741,795,1776,893
26.433,793,2,car,0.613,385,747,688,853
26.433,793,0,person,0.522,1658,772,1686,864
26.467,794,2,car,0.83,679,730,981,914
26.467,794,7,truck,0.823,1819,538,2222,1160
26.467,794,2,car,0.816,965,788,1220,970
26.467,794,2,car,0.704,1288,772,1595,1049
26.467,794,2,car,0.674,1211,778,1345,905
26.467,794,0,person,0.663,1741,796,1776,893
26.467,794,2,car,0.619,385,747,687,853
26.467,794,0,person,0.523,1658,772,1686,864
26.5,795,2,car,0.845,956,788,1223,972
26.5,795,2,car,0.779,1212,778,1343,905
26.5,795,2,car,0.766,1289,775,1595,1048
26.5,795,2,car,0.734,664,728,968,917
26.5,795,0,person,0.726,1742,790,1779,894
26.5,795,7,truck,0.721,1833,542,2222,1154
26.5,795,2,car,0.636,348,750,670,862
26.5,795,0,person,0.59,1658,787,1689,865
26.533,796,2,car,0.839,952,788,1220,973
26.533,796,7,truck,0.817,1838,536,2221,1133
26.533,796,2,car,0.782,1290,777,1596,1048
26.533,796,2,car,0.749,658,727,959,918
26.533,796,2,car,0.739,1214,781,1343,905
26.533,796,0,person,0.709,1742,789,1780,894
26.533,796,2,car,0.57,343,749,663,873
26.533,796,0,person,0.541,1658,785,1690,864
26.567,797,2,car,0.84,952,788,1220,973
26.567,797,7,truck,0.818,1838,537,2221,1133
26.567,797,2,car,0.778,1290,776,1596,1048
26.567,797,2,car,0.747,658,727,959,918
26.567,797,2,car,0.741,1213,780,1341,903
26.567,797,0,person,0.709,1743,789,1780,893
26.567,797,2,car,0.572,343,749,664,873
26.567,797,0,person,0.541,1658,785,1690,864
26.6,798,2,car,0.838,953,789,1212,974
26.6,798,5,bus,0.814,1849,552,2222,1097
26.6,798,2,car,0.805,643,725,951,919
26.6,798,2,car,0.778,311,748,657,867
26.6,798,2,car,0.777,1293,776,1598,1045
26.6,798,2,car,0.737,1201,781,1341,902
26.6,798,0,person,0.735,1744,790,1782,893
26.6,798,0,person,0.431,1658,793,1694,866
26.633,799,2,car,0.841,952,789,1208,974
26.633,799,2,car,0.811,638,724,947,920
26.633,799,2,car,0.796,296,746,654,868
26.633,799,5,bus,0.779,1850,551,2222,1101
26.633,799,0,person,0.738,1745,791,1782,895
26.633,799,2,car,0.733,1293,774,1598,1045
26.633,799,2,car,0.706,1199,781,1332,901
26.667,800,2,car,0.841,952,789,1208,973
26.667,800,2,car,0.811,638,724,947,920
26.667,800,2,car,0.793,296,746,654,868
26.667,800,5,bus,0.789,1850,551,2222,1101
26.667,800,0,person,0.74,1745,792,1782,895
26.667,800,2,car,0.735,1294,774,1598,1045
26.667,800,2,car,0.715,1198,781,1332,901
26.7,801,2,car,0.854,627,723,939,918
26.7,801,2,car,0.84,948,788,1207,977
26.7,801,2,car,0.761,1187,774,1325,901
26.7,801,2,car,0.761,274,745,641,876
26.7,801,0,person,0.714,1748,793,1785,897
26.7,801,2,car,0.674,1297,774,1598,1042
26.7,801,7,truck,0.588,1860,541,2222,1106
26.733,802,2,car,0.854,627,723,939,917
26.733,802,2,car,0.84,948,788,1207,977
26.733,802,2,car,0.756,1187,774,1325,902
26.733,802,2,car,0.752,274,745,639,876
26.733,802,0,person,0.72,1749,793,1785,897
26.733,802,2,car,0.635,1296,774,1600,1043
26.733,802,7,truck,0.578,1860,542,2222,1106
26.767,803,2,car,0.816,613,719,928,918
26.767,803,2,car,0.809,943,787,1202,978
26.767,803,2,car,0.796,243,743,622,874
26.767,803,2,car,0.749,1295,772,1599,1038
26.767,803,2,car,0.746,1182,775,1323,904
26.767,803,0,person,0.727,1750,793,1787,898
26.767,803,5,bus,0.674,1870,353,2222,1117
26.8,804,2,car,0.816,613,719,928,917
26.8,804,2,car,0.809,943,787,1202,978
26.8,804,2,car,0.796,243,743,622,874
26.8,804,2,car,0.748,1182,775,1323,904
26.8,804,2,car,0.747,1295,772,1599,1038
26.8,804,0,person,0.726,1750,793,1788,898
26.8,804,5,bus,0.672,1870,353,2222,1117
26.833,805,2,car,0.838,226,744,626,872
26.833,805,2,car,0.822,612,720,925,924
26.833,805,2,car,0.806,941,787,1199,979
26.833,805,2,car,0.746,1295,771,1599,1036
26.833,805,2,car,0.745,1180,776,1326,902
26.833,805,0,person,0.725,1750,792,1790,898
26.833,805,5,bus,0.603,1873,350,2222,1121
26.867,806,2,car,0.838,226,744,626,872
26.867,806,2,car,0.82,612,720,925,924
26.867,806,2,car,0.805,941,787,1199,979
26.867,806,2,car,0.747,1295,771,1599,1036
26.867,806,2,car,0.744,1180,776,1325,902
26.867,806,0,person,0.725,1750,792,1790,898
26.867,806,5,bus,0.602,1872,350,2222,1121
26.9,807,2,car,0.81,196,743,603,880
26.9,807,2,car,0.808,597,717,920,928
26.9,807,2,car,0.795,937,788,1196,975
26.9,807,0,person,0.751,1754,791,1792,900
26.9,807,2,car,0.737,1171,777,1321,905
26.9,807,2,car,0.711,1297,772,1598,1036
26.9,807,0,person,0.615,1865,802,1921,1007
26.9,807,5,bus,0.579,1887,549,2222,1122
26.933,808,2,car,0.811,196,743,603,879
26.933,808,2,car,0.808,597,717,920,928
26.933,808,2,car,0.793,937,788,1196,975
26.933,808,0,person,0.751,1754,791,1792,900
26.933,808,2,car,0.739,1171,777,1321,905
26.933,808,2,car,0.71,1297,773,1598,1036
26.933,808,0,person,0.616,1864,801,1921,1007
26.933,808,5,bus,0.572,1887,549,2222,1122
26.967,809,2,car,0.812,196,743,603,879
26.967,809,2,car,0.809,597,717,919,927
26.967,809,2,car,0.793,936,788,1196,975
26.967,809,0,person,0.755,1754,791,1792,900
26.967,809,2,car,0.74,1171,777,1321,905
26.967,809,2,car,0.722,1297,772,1598,1036
26.967,809,0,person,0.609,1865,801,1921,1008
26.967,809,5,bus,0.582,1887,549,2222,1122
27.0,810,2,car,0.838,168,744,587,887
27.0,810,2,car,0.837,927,792,1181,982
27.0,810,2,car,0.818,1157,775,1306,906
27.0,810,5,bus,0.802,1925,530,2222,1132
27.0,810,2,car,0.786,571,716,898,939
27.0,810,0,person,0.699,1880,802,1942,1028
27.0,810,0,person,0.663,1757,791,1795,902
27.0,810,2,car,0.663,1293,773,1596,1041
27.0,810,2,car,0.418,937,726,997,797
27.033,811,2,car,0.837,927,792,1181,982
27.033,811,2,car,0.837,168,744,587,887
27.033,811,2,car,0.82,1157,775,1306,906
27.033,811,5,bus,0.801,1925,529,2222,1132
27.033,811,2,car,0.787,570,716,899,938
27.033,811,0,person,0.697,1880,802,1942,1028
27.033,811,0,person,0.66,1757,791,1795,902
27.033,811,2,car,0.657,1293,773,1596,1041
27.033,811,2,car,0.422,936,726,997,797
27.067,812,2,car,0.837,927,792,1181,982
27.067,812,2,car,0.836,168,744,587,887
27.067,812,2,car,0.816,1157,775,1306,906
27.067,812,5,bus,0.804,1925,529,2222,1132
27.067,812,2,car,0.79,570,716,899,938
27.067,812,0,person,0.701,1880,802,1942,1028
27.067,812,0,person,0.668,1757,791,1795,902
27.067,812,2,car,0.658,1292,773,1596,1041
27.067,812,2,car,0.419,936,726,997,797
27.1,813,2,car,0.839,927,792,1181,982
27.1,813,2,car,0.832,169,744,586,887
27.1,813,2,car,0.817,1157,774,1306,906
27.1,813,5,bus,0.799,1925,525,2222,1132
27.1,813,2,car,0.782,571,716,898,939
27.1,813,0,person,0.703,1880,801,1941,1028
27.1,813,2,car,0.666,1293,773,1596,1041
27.1,813,0,person,0.647,1757,791,1796,902
27.1,813,2,car,0.421,937,726,997,797
27.133,814,5,bus,0.849,1939,527,2222,1138
27.133,814,2,car,0.83,924,791,1174,983
27.133,814,2,car,0.821,137,745,568,889
27.133,814,2,car,0.771,558,717,894,941
27.133,814,0,person,0.744,1891,807,1952,1034
27.133,814,2,car,0.656,1295,775,1597,1037
27.133,814,2,car,0.494,1150,783,1291,908
27.133,814,0,person,0.44,1759,788,1797,902
27.167,815,2,car,0.818,112,746,559,891
27.167,815,2,car,0.801,916,792,1168,983
27.167,815,2,car,0.794,541,715,885,945
27.167,815,2,car,0.779,1139,784,1274,907
27.167,815,0,person,0.774,1895,806,1959,1040
27.167,815,2,car,0.625,1294,774,1597,1040
27.167,815,0,person,0.558,1758,794,1801,905
27.167,815,5,bus,0.529,1951,531,2222,1154
27.2,816,2,car,0.818,112,746,559,891
27.2,816,2,car,0.801,916,792,1168,983
27.2,816,2,car,0.795,541,715,885,945
27.2,816,2,car,0.78,1139,784,1274,907
27.2,816,0,person,0.775,1895,806,1959,1040
27.2,816,2,car,0.626,1294,774,1597,1040
27.2,816,0,person,0.557,1758,794,1801,905
27.2,816,5,bus,0.524,1951,531,2222,1154
27.233,817,2,car,0.862,101,744,544,892
27.233,817,2,car,0.784,1134,784,1270,907
27.233,817,2,car,0.777,534,715,877,948
27.233,817,2,car,0.769,916,794,1165,984
27.233,817,0,person,0.755,1910,806,1978,1049
27.233,817,0,person,0.635,1758,792,1811,910
27.233,817,2,car,0.621,1293,774,1596,1043
27.233,817,5,bus,0.534,1970,522,2222,1169
27.233,817,0,person,0.476,926,729,980,836
27.233,817,0,person,0.474,1821,803,1861,899
27.267,818,2,car,0.863,101,744,544,892
27.267,818,2,car,0.783,1134,784,1270,907
27.267,818,2,car,0.777,534,715,877,948
27.267,818,2,car,0.768,916,794,1165,984
27.267,818,0,person,0.754,1910,806,1978,1049
27.267,818,0,person,0.641,1758,792,1811,910
27.267,818,2,car,0.62,1293,774,1596,1043
27.267,818,5,bus,0.538,1970,523,2222,1169
27.267,818,0,person,0.478,926,729,980,836
27.267,818,0,person,0.478,1821,803,1861,899
27.3,819,2,car,0.862,100,744,544,893
27.3,819,2,car,0.782,1134,784,1270,907
27.3,819,2,car,0.775,534,714,877,948
27.3,819,2,car,0.768,916,794,1165,984
27.3,819,0,person,0.76,1910,806,1978,1049
27.3,819,0,person,0.645,1758,793,1811,910
27.3,819,2,car,0.621,1293,774,1596,1043
27.3,819,5,bus,0.538,1970,523,2222,1169
27.3,819,0,person,0.474,1821,803,1861,899
27.3,819,0,person,0.468,926,729,980,836
27.333,820,2,car,0.869,68,743,526,894
27.333,820,2,car,0.832,505,709,864,954
27.333,820,2,car,0.774,904,791,1150,984
27.333,820,0,person,0.765,1930,805,2010,1058
27.333,820,2,car,0.757,1122,783,1249,904
27.333,820,5,bus,0.727,2017,545,2223,1185
27.333,820,2,car,0.65,1288,773,1595,1046
27.333,820,0,person,0.554,1763,793,1818,909
27.367,821,2,car,0.871,68,743,527,893
27.367,821,2,car,0.828,505,709,864,954
27.367,821,2,car,0.778,904,791,1150,984
27.367,821,0,person,0.766,1929,805,2009,1058
27.367,821,2,car,0.75,1122,784,1249,904
27.367,821,5,bus,0.73,2017,545,2223,1185
27.367,821,2,car,0.659,1288,773,1596,1046
27.367,821,0,person,0.537,1763,792,1819,907
27.4,822,2,car,0.872,67,743,527,893
27.4,822,2,car,0.83,505,709,864,953
27.4,822,2,car,0.776,904,791,1150,984
27.4,822,0,person,0.77,1929,805,2009,1058
27.4,822,2,car,0.752,1122,784,1249,904
27.4,822,5,bus,0.729,2017,546,2223,1184
27.4,822,2,car,0.649,1288,772,1596,1046
27.4,822,0,person,0.553,1765,794,1819,910
27.433,823,2,car,0.872,67,743,527,894
27.433,823,2,car,0.829,505,709,864,954
27.433,823,2,car,0.782,904,791,1150,984
27.433,823,0,person,0.769,1929,805,2009,1058
27.433,823,2,car,0.754,1122,784,1249,904
27.433,823,5,bus,0.725,2016,545,2223,1184
27.433,823,2,car,0.649,1288,772,1595,1046
27.433,823,0,person,0.559,1765,792,1820,911
27.467,824,2,car,0.86,41,743,511,896
27.467,824,2,car,0.856,491,709,853,956
27.467,824,2,car,0.833,902,790,1147,985
27.467,824,2,car,0.756,1112,784,1246,903
27.467,824,2,car,0.737,1284,771,1597,1047
27.467,824,0,person,0.718,1943,803,2026,1064
27.467,824,0,person,0.688,1774,792,1818,910
27.467,824,5,bus,0.6,2041,547,2223,1193
27.467,824,0,person,0.511,1820,796,1860,898
27.5,825,2,car,0.86,41,743,511,896
27.5,825,2,car,0.857,491,709,853,956
27.5,825,2,car,0.833,902,790,1147,985
27.5,825,2,car,0.758,1112,784,1246,903
27.5,825,2,car,0.739,1284,771,1597,1047
27.5,825,0,person,0.717,1943,803,2026,1064
27.5,825,0,person,0.687,1772,791,1816,910
27.5,825,5,bus,0.599,2046,538,2222,1181
27.5,825,0,person,0.512,1820,796,1860,898
27.533,826,2,car,0.861,41,743,511,896
27.533,826,2,car,0.855,491,709,853,956
27.533,826,2,car,0.833,902,790,1147,985
27.533,826,2,car,0.756,1112,784,1246,903
27.533,826,2,car,0.738,1284,771,1597,1047
27.533,826,0,person,0.719,1943,803,2026,1064
27.533,826,0,person,0.688,1772,791,1816,910
27.533,826,5,bus,0.597,2041,546,2223,1192
27.533,826,0,person,0.528,1820,796,1860,898
27.567,827,2,car,0.867,7,748,482,906
27.567,827,2,car,0.818,461,710,838,965
27.567,827,0,person,0.786,1786,788,1833,918
27.567,827,2,car,0.768,896,791,1139,987
27.567,827,0,person,0.751,1972,806,2068,1078
27.567,827,2,car,0.687,1104,787,1228,904
27.567,827,2,car,0.652,1278,772,1598,1044
27.567,827,2,car,0.481,1224,788,1302,865
27.567,827,7,truck,0.434,1277,772,1598,1044
27.567,827,7,truck,0.424,2067,514,2223,1190
27.6,828,2,car,0.867,7,748,481,906
27.6,828,2,car,0.814,460,710,838,965
27.6,828,0,person,0.78,1786,789,1833,918
27.6,828,2,car,0.773,896,791,1139,987
27.6,828,0,person,0.749,1972,806,2068,1078
27.6,828,2,car,0.692,1104,787,1227,905
27.6,828,2,car,0.667,1278,772,1598,1044
27.6,828,2,car,0.488,1225,788,1302,864
27.6,828,0,person,0.436,1831,789,1869,898
27.6,828,7,truck,0.423,2067,514,2223,1191
27.6,828,7,truck,0.42,1278,772,1598,1044
27.633,829,2,car,0.846,451,709,833,967
27.633,829,2,car,0.827,1,748,477,908
27.633,829,2,car,0.776,893,791,1138,985
27.633,829,0,person,0.768,1980,806,2076,1078
27.633,829,0,person,0.761,1786,789,1834,918
27.633,829,2,car,0.723,1277,772,1598,1042
27.633,829,2,car,0.711,1101,789,1224,904
27.633,829,2,car,0.562,1222,787,1305,865
27.667,830,2,car,0.847,451,709,833,967
27.667,830,2,car,0.828,1,748,477,908
27.667,830,2,car,0.778,893,791,1138,985
27.667,830,0,person,0.769,1980,806,2075,1078
27.667,830,0,person,0.761,1787,791,1835,918
27.667,830,2,car,0.722,1277,772,1598,1042
27.667,830,2,car,0.712,1101,789,1224,904
27.667,830,2,car,0.561,1222,787,1305,865
27.7,831,2,car,0.846,451,709,833,967
27.7,831,2,car,0.827,1,748,477,908
27.7,831,2,car,0.778,893,791,1138,985
27.7,831,0,person,0.77,1980,806,2075,1078
27.7,831,0,person,0.766,1786,789,1833,918
27.7,831,2,car,0.723,1277,772,1598,1042
27.7,831,2,car,0.71,1101,789,1224,904
27.7,831,2,car,0.562,1222,787,1305,865
27.733,832,2,car,0.826,887,792,1134,985
27.733,832,2,car,0.824,428,710,818,977
27.733,832,2,car,0.818,1,749,456,920
27.733,832,0,person,0.796,1799,789,1856,920
27.733,832,2,car,0.744,1273,774,1599,1043
27.733,832,0,person,0.702,2016,801,2112,1094
27.733,832,2,car,0.581,1226,790,1303,867
27.733,832,0,person,0.566,2140,781,2223,1118
27.733,832,2,car,0.565,1094,791,1214,904
27.733,832,0,person,0.418,1721,793,1749,874
27.767,833,2,car,0.827,887,792,1134,985
27.767,833,2,car,0.825,428,710,818,977
27.767,833,2,car,0.817,1,749,456,920
27.767,833,0,person,0.795,1799,789,1856,920
27.767,833,2,car,0.746,1273,774,1599,1043
27.767,833,0,person,0.701,2016,801,2112,1094
27.767,833,2,car,0.581,1226,790,1303,867
27.767,833,0,person,0.566,2140,781,2223,1118
27.767,833,2,car,0.565,1094,791,1214,904
27.767,833,0,person,0.419,1721,793,1749,874
27.8,834,2,car,0.826,887,792,1134,985
27.8,834,2,car,0.825,428,710,818,977
27.8,834,2,car,0.815,1,749,456,920
27.8,834,0,person,0.795,1799,789,1856,920
27.8,834,2,car,0.746,1273,774,1599,1043
27.8,834,0,person,0.701,2016,802,2112,1094
27.8,834,2,car,0.582,1226,790,1303,867
27.8,834,0,person,0.564,2140,781,2223,1118
27.8,834,2,car,0.563,1094,791,1214,904
27.8,834,0,person,0.416,1722,793,1749,874
27.833,835,2,car,0.825,887,792,1134,985
27.833,835,2,car,0.824,428,710,818,977
27.833,835,2,car,0.812,1,749,456,920
27.833,835,0,person,0.793,1799,789,1856,920
27.833,835,2,car,0.743,1273,774,1599,1043
27.833,835,0,person,0.7,2016,801,2112,1094
27.833,835,2,car,0.582,1226,790,1303,867
27.833,835,0,person,0.566,2140,781,2223,1118
27.833,835,2,car,0.563,1094,791,1214,904
27.833,835,0,person,0.417,1721,792,1749,874
27.867,836,2,car,0.841,410,708,808,984
27.867,836,2,car,0.828,884,789,1130,986
27.867,836,2,car,0.799,0,747,439,920
27.867,836,2,car,0.755,1269,775,1605,1043
27.867,836,0,person,0.716,2056,807,2161,1106
27.867,836,2,car,0.688,1085,788,1211,900
27.867,836,0,person,0.681,1817,790,1879,925
27.867,836,2,car,0.485,1228,787,1307,868
27.867,836,0,person,0.451,2152,813,2223,1130
27.9,837,2,car,0.84,410,708,808,984
27.9,837,2,car,0.827,885,790,1130,986
27.9,837,2,car,0.795,0,747,439,920
27.9,837,2,car,0.763,1269,775,1605,1043
27.9,837,0,person,0.719,2056,807,2160,1106
27.9,837,2,car,0.689,1085,788,1211,900
27.9,837,0,person,0.687,1817,790,1878,925
27.9,837,2,car,0.483,1228,787,1308,868
27.9,837,0,person,0.446,2154,813,2223,1130
27.933,838,2,car,0.841,410,708,808,984
27.933,838,2,car,0.826,885,790,1130,986
27.933,838,2,car,0.789,0,747,439,920
27.933,838,2,car,0.766,1269,775,1605,1043
27.933,838,0,person,0.72,2056,807,2160,1106
27.933,838,2,car,0.69,1085,788,1211,900
27.933,838,0,person,0.688,1816,789,1878,925
27.933,838,2,car,0.495,1228,787,1308,868
27.933,838,0,person,0.458,2153,812,2223,1131
27.967,839,2,car,0.844,410,708,808,984
27.967,839,2,car,0.826,885,790,1130,986
27.967,839,2,car,0.787,0,747,439,920
27.967,839,2,car,0.762,1269,775,1605,1044
27.967,839,0,person,0.717,2056,807,2160,1106
27.967,839,2,car,0.693,1085,788,1211,900
27.967,839,0,person,0.685,1816,790,1878,925
27.967,839,2,car,0.488,1228,787,1308,868
27.967,839,0,person,0.45,2153,813,2223,1130
28.0,840,2,car,0.854,883,789,1128,985
28.0,840,2,car,0.849,397,705,802,987
28.0,840,2,car,0.848,1267,776,1609,1045
28.0,840,2,car,0.841,0,746,431,922
28.0,840,2,car,0.75,1084,788,1209,902
28.0,840,0,person,0.732,2078,807,2188,1117
28.0,840,0,person,0.667,1822,788,1887,928
28.0,840,2,car,0.47,1238,788,1308,870
28.033,841,2,car,0.887,880,791,1125,986
28.033,841,2,car,0.844,33,745,407,928
28.033,841,2,car,0.838,1264,778,1612,1048
28.033,841,2,car,0.818,384,707,795,996
28.033,841,2,car,0.771,1084,792,1204,903
28.033,841,0,person,0.685,2109,811,2219,1134
28.033,841,0,person,0.61,1850,788,1904,933
28.033,841,2,car,0.549,1251,794,1309,869
28.067,842,2,car,0.89,880,792,1125,986
28.067,842,2,car,0.846,33,746,406,928
28.067,842,2,car,0.831,1264,778,1612,1048
28.067,842,2,car,0.82,384,707,795,996
28.067,842,2,car,0.767,1084,792,1204,902
28.067,842,0,person,0.676,2109,811,2218,1134
28.067,842,0,person,0.607,1850,788,1903,933
28.067,842,2,car,0.546,1251,794,1309,869
28.1,843,2,car,0.894,876,795,1122,987
28.1,843,2,car,0.877,0,748,389,936
28.1,843,2,car,0.843,374,708,789,1001
28.1,843,0,person,0.783,2125,810,2223,1141
28.1,843,2,car,0.777,1082,793,1202,904
28.1,843,0,person,0.723,1861,790,1912,942
28.1,843,2,car,0.718,1261,778,1613,1049
28.1,843,2,car,0.465,1245,796,1311,870
28.1,843,0,person,0.462,1831,809,1863,908
28.133,844,2,car,0.895,876,795,1122,987
28.133,844,2,car,0.876,0,748,389,936
28.133,844,2,car,0.838,370,707,785,1002
28.133,844,0,person,0.786,2125,811,2223,1142
28.133,844,2,car,0.779,1082,793,1202,903
28.133,844,0,person,0.726,1861,790,1912,942
28.133,844,2,car,0.694,1265,779,1612,1046
28.133,844,0,person,0.47,1831,810,1863,908
28.133,844,2,car,0.46,1246,796,1311,870
28.167,845,2,car,0.882,0,755,379,940
28.167,845,2,car,0.881,875,794,1119,987
28.167,845,2,car,0.873,354,708,778,1011
28.167,845,2,car,0.769,1082,793,1201,901
28.167,845,2,car,0.735,1259,778,1616,1046
28.167,845,0,person,0.666,1865,790,1926,944
28.167,845,0,person,0.642,2146,811,2223,1144
28.167,845,0,person,0.522,1835,801,1873,908
28.167,845,2,car,0.439,1235,789,1311,870
28.167,845,0,person,0.421,1769,795,1802,885
28.2,846,2,car,0.882,0,755,379,940
28.2,846,2,car,0.881,875,794,1119,987
28.2,846,2,car,0.876,354,708,778,1011
28.2,846,2,car,0.77,1082,793,1201,901
28.2,846,2,car,0.733,1258,778,1616,1047
28.2,846,0,person,0.666,1865,790,1926,944
28.2,846,0,person,0.641,2146,811,2223,1144
28.2,846,0,person,0.532,1835,800,1873,907
28.2,846,2,car,0.446,1235,790,1311,870
28.2,846,0,person,0.422,1769,795,1802,884
28.233,847,2,car,0.881,0,755,379,940
28.233,847,2,car,0.877,875,794,1119,987
28.233,847,2,car,0.875,354,708,779,1012
28.233,847,2,car,0.765,1082,793,1201,901
28.233,847,2,car,0.721,1258,779,1617,1045
28.233,847,0,person,0.691,1865,790,1926,945
28.233,847,0,person,0.625,2147,811,2223,1144
28.233,847,0,person,0.543,1835,801,1873,907
28.233,847,2,car,0.435,1243,793,1311,869
28.233,847,0,person,0.411,1769,795,1802,885
28.267,848,2,car,0.879,0,755,379,940
28.267,848,2,car,0.877,876,794,1120,987
28.267,848,2,car,0.873,354,708,779,1012
28.267,848,2,car,0.77,1082,793,1201,901
28.267,848,2,car,0.707,1258,779,1617,1045
28.267,848,0,person,0.702,1865,789,1927,945
28.267,848,0,person,0.641,2147,811,2223,1144
28.267,848,0,person,0.536,1835,800,1872,907
28.267,848,2,car,0.443,1236,790,1311,870
28.3,849,2,car,0.874,3,758,369,945
28.3,849,2,car,0.855,875,793,1117,986
28.3,849,2,car,0.846,340,706,770,1019
28.3,849,2,car,0.779,1256,776,1618,1045
28.3,849,2,car,0.755,1079,792,1202,899
28.3,849,0,person,0.701,1890,790,1944,941
28.3,849,0,person,0.548,1842,794,1886,907
28.333,850,2,car,0.879,0,758,371,949
28.333,850,2,car,0.846,874,794,1116,986
28.333,850,2,car,0.824,339,707,766,1022
28.333,850,2,car,0.772,1254,777,1618,1045
28.333,850,2,car,0.734,1077,792,1203,900
28.333,850,0,person,0.668,1892,785,1957,939
28.333,850,5,bus,0.419,1037,720,1154,812
28.333,850,0,person,0.413,1890,787,1938,920
28.333,850,0,person,0.412,1791,783,1825,885
28.333,850,0,person,0.409,1850,789,1889,907
28.367,851,2,car,0.865,873,794,1116,989
28.367,851,2,car,0.855,0,760,349,955
28.367,851,2,car,0.801,317,705,763,1030
28.367,851,2,car,0.799,1076,791,1203,901
28.367,851,0,person,0.758,1910,786,1970,943
28.367,851,2,car,0.682,1256,779,1620,1044
28.367,851,2,car,0.477,1199,773,1268,859
28.367,851,0,person,0.471,1851,795,1896,908
28.367,851,2,car,0.41,1239,788,1306,867
28.4,852,2,car,0.866,873,794,1116,989
28.4,852,2,car,0.855,0,760,350,955
28.4,852,2,car,0.802,317,705,763,1030
28.4,852,2,car,0.798,1076,791,1203,901
28.4,852,0,person,0.757,1910,787,1970,943
28.4,852,2,car,0.683,1256,779,1620,1044
28.4,852,2,car,0.476,1199,773,1268,859
28.4,852,0,person,0.466,1851,795,1896,908
28.4,852,2,car,0.412,1239,788,1306,867
28.433,853,2,car,0.848,0,763,336,959
28.433,853,2,car,0.828,875,794,1111,988
28.433,853,2,car,0.796,304,706,759,1037
28.433,853,2,car,0.778,1076,792,1205,904
28.433,853,0,person,0.743,1930,786,1991,946
28.433,853,0,person,0.617,1864,791,1906,910
28.433,853,2,car,0.615,1251,710,1622,1042
28.467,854,2,car,0.848,0,763,336,959
28.467,854,2,car,0.827,875,794,1111,988
28.467,854,2,car,0.794,304,706,759,1037
28.467,854,2,car,0.777,1076,792,1205,904
28.467,854,0,person,0.742,1930,785,1991,946
28.467,854,0,person,0.618,1864,790,1906,909
28.467,854,2,car,0.614,1251,709,1622,1042
28.5,855,2,car,0.847,294,703,754,1043
28.5,855,2,car,0.845,1,760,330,962
28.5,855,2,car,0.836,1251,777,1624,1047
28.5,855,2,car,0.816,874,794,1113,987
28.5,855,2,car,0.789,1078,793,1208,903
28.5,855,0,person,0.653,1957,788,2012,949
28.5,855,0,person,0.552,1823,785,1858,891
28.5,855,0,person,0.525,1873,793,1916,915
28.5,855,5,bus,0.463,1326,687,1590,794
28.5,855,2,car,0.409,1245,779,1298,864
28.5,855,9,traffic light,0.404,656,566,701,652
28.533,856,2,car,0.845,1,759,328,962
28.533,856,2,car,0.842,293,704,754,1043
28.533,856,2,car,0.836,1252,777,1625,1046
28.533,856,2,car,0.814,874,794,1113,987
28.533,856,2,car,0.793,1078,793,1209,903
28.533,856,0,person,0.651,1957,788,2012,949
28.533,856,0,person,0.548,1823,785,1858,891
28.533,856,0,person,0.524,1873,794,1916,914
28.533,856,5,bus,0.465,1327,687,1590,794
28.533,856,2,car,0.405,1244,779,1298,864
28.567,857,2,car,0.88,287,702,750,1044
28.567,857,2,car,0.852,0,763,338,963
28.567,857,2,car,0.825,875,794,1113,986
28.567,857,0,person,0.818,1964,791,2021,952
28.567,857,2,car,0.793,1251,778,1625,1045
28.567,857,2,car,0.752,1078,792,1210,903
28.567,857,0,person,0.575,1829,793,1866,890
28.567,857,0,person,0.535,1880,794,1921,914
28.6,858,2,car,0.881,287,702,750,1044
28.6,858,2,car,0.853,0,763,337,963
28.6,858,2,car,0.825,875,794,1113,986
28.6,858,0,person,0.819,1964,791,2021,952
28.6,858,2,car,0.796,1251,778,1625,1045
28.6,858,2,car,0.753,1079,792,1210,903
28.6,858,0,person,0.578,1829,793,1866,890
28.6,858,0,person,0.534,1880,794,1921,914
28.633,859,2,car,0.88,287,702,750,1044
28.633,859,2,car,0.853,0,763,338,963
28.633,859,2,car,0.827,875,794,1113,986
28.633,859,0,person,0.817,1964,791,2021,952
28.633,859,2,car,0.801,1251,778,1625,1045
28.633,859,2,car,0.753,1079,792,1210,903
28.633,859,0,person,0.575,1829,793,1866,890
28.633,859,0,person,0.528,1880,794,1920,914
28.667,860,2,car,0.882,1250,776,1629,1044
28.667,860,2,car,0.861,264,701,739,1058
28.667,860,2,car,0.831,0,761,299,967
28.667,860,2,car,0.825,881,794,1114,982
28.667,860,2,car,0.806,1086,793,1215,898
28.667,860,0,person,0.753,2008,795,2069,957
28.667,860,2,car,0.671,1216,774,1311,859
28.667,860,0,person,0.588,1907,792,1950,914
28.667,860,5,bus,0.579,1349,681,1622,869
28.667,860,0,person,0.433,1861,789,1895,890
28.667,860,2,car,0.419,1247,776,1312,858
28.7,861,2,car,0.881,1250,776,1629,1044
28.7,861,2,car,0.862,264,701,739,1058
28.7,861,2,car,0.83,0,761,298,967
28.7,861,2,car,0.826,881,794,1114,982
28.7,861,2,car,0.806,1086,793,1215,898
28.7,861,0,person,0.754,2008,795,2069,957
28.7,861,2,car,0.674,1216,774,1311,859
28.7,861,0,person,0.589,1907,792,1950,914
28.7,861,5,bus,0.581,1349,681,1622,869
28.7,861,0,person,0.435,1861,789,1895,890
28.7,861,2,car,0.423,1247,776,1312,858
28.733,862,2,car,0.882,1250,776,1629,1044
28.733,862,2,car,0.863,264,701,739,1058
28.733,862,2,car,0.827,0,761,298,967
28.733,862,2,car,0.826,881,795,1114,982
28.733,862,2,car,0.804,1086,793,1215,898
28.733,862,0,person,0.75,2008,795,2069,957
28.733,862,2,car,0.672,1216,774,1311,859
28.733,862,0,person,0.591,1907,793,1950,914
28.733,862,5,bus,0.574,1349,681,1622,869
28.733,862,5,bus,0.513,1347,684,1624,816
28.733,862,0,person,0.438,1861,790,1895,890
28.733,862,2,car,0.422,1247,776,1312,858
28.767,863,2,car,0.877,1250,776,1629,1044
28.767,863,2,car,0.864,264,701,739,1058
28.767,863,2,car,0.827,0,761,299,967
28.767,863,2,car,0.826,881,795,1114,982
28.767,863,2,car,0.805,1086,793,1215,898
28.767,863,0,person,0.762,2007,795,2069,957
28.767,863,2,car,0.67,1218,774,1310,859
28.767,863,5,bus,0.578,1349,681,1621,868
28.767,863,0,person,0.543,1906,793,1949,914
28.767,863,5,bus,0.509,1347,684,1623,815
28.767,863,2,car,0.429,1247,777,1311,858
28.767,863,0,person,0.408,1861,789,1896,890
28.8,864,2,car,0.87,1253,771,1633,1044
28.8,864,2,car,0.857,250,700,738,1067
28.8,864,2,car,0.84,0,762,278,974
28.8,864,2,car,0.84,888,794,1117,980
28.8,864,0,person,0.757,2031,791,2094,957
28.8,864,2,car,0.756,1093,793,1221,895
28.8,864,0,person,0.664,1921,794,1963,915
28.8,864,2,car,0.576,1217,772,1313,856
28.8,864,5,bus,0.508,1356,681,1644,872
28.8,864,0,person,0.498,1876,783,1913,892
28.833,865,2,car,0.908,242,699,734,1077
28.833,865,2,car,0.849,0,762,281,980
28.833,865,2,car,0.838,891,794,1120,979
28.833,865,2,car,0.828,1256,771,1637,1041
28.833,865,0,person,0.746,2055,783,2117,957
28.833,865,2,car,0.683,1097,791,1228,897
28.833,865,0,person,0.592,1931,773,1981,909
28.833,865,2,car,0.504,1229,770,1320,857
28.867,866,2,car,0.906,242,699,734,1076
28.867,866,2,car,0.844,0,763,285,980
28.867,866,2,car,0.84,891,794,1120,979
28.867,866,2,car,0.833,1256,771,1638,1042
28.867,866,0,person,0.748,2054,783,2117,957
28.867,866,2,car,0.678,1097,791,1228,897
28.867,866,0,person,0.595,1930,774,1980,909
28.867,866,2,car,0.51,1228,770,1320,857
28.9,867,2,car,0.906,242,699,734,1076
28.9,867,2,car,0.844,0,763,285,980
28.9,867,2,car,0.84,891,794,1120,979
28.9,867,2,car,0.835,1256,771,1638,1041
28.9,867,0,person,0.746,2054,783,2116,957
28.9,867,2,car,0.677,1097,791,1228,897
28.9,867,0,person,0.597,1931,774,1980,909
28.9,867,2,car,0.51,1229,770,1320,857
28.933,868,2,car,0.875,210,700,723,1101
28.933,868,2,car,0.83,0,775,268,998
28.933,868,2,car,0.82,1111,790,1239,891
28.933,868,2,car,0.816,898,793,1126,975
28.933,868,2,car,0.798,1258,763,1636,1032
28.933,868,0,person,0.747,2109,770,2173,952
28.933,868,0,person,0.503,1963,771,2009,904
28.933,868,2,car,0.503,1236,769,1324,849
28.933,868,0,person,0.466,1686,769,1719,876
28.933,868,9,traffic light,0.455,1242,367,1295,466
28.933,868,0,person,0.436,1928,772,1963,883
28.967,869,2,car,0.875,210,700,723,1101
28.967,869,2,car,0.829,0,775,268,998
28.967,869,2,car,0.819,1111,790,1239,891
28.967,869,2,car,0.816,898,793,1126,975
28.967,869,2,car,0.796,1258,763,1636,1032
28.967,869,0,person,0.747,2108,768,2172,952
28.967,869,2,car,0.501,1236,769,1324,849
28.967,869,0,person,0.492,1963,772,2009,904
28.967,869,0,person,0.471,1686,769,1719,876
28.967,869,9,traffic light,0.462,1242,367,1295,466
28.967,869,0,person,0.431,1928,772,1963,883
29.0,870,2,car,0.873,210,700,723,1101
29.0,870,2,car,0.829,0,775,268,997
29.0,870,2,car,0.822,1111,790,1239,891
29.0,870,2,car,0.815,898,793,1126,975
29.0,870,2,car,0.798,1258,763,1636,1032
29.0,870,0,person,0.749,2108,768,2172,952
29.0,870,2,car,0.502,1236,769,1324,849
29.0,870,0,person,0.486,1963,773,2009,904
29.0,870,0,person,0.47,1685,769,1719,876
29.0,870,9,traffic light,0.458,1242,367,1295,465
29.0,870,0,person,0.432,1928,772,1963,883
29.033,871,2,car,0.836,1117,789,1242,889
29.033,871,2,car,0.828,0,777,231,1004
29.033,871,2,car,0.82,1262,764,1645,1030
29.033,871,2,car,0.811,189,702,716,1113
29.033,871,0,person,0.789,2134,769,2200,958
29.033,871,2,car,0.771,901,794,1130,975
29.033,871,0,person,0.641,1972,770,2021,902
29.033,871,0,person,0.582,1941,767,1978,883
29.033,871,2,car,0.497,1249,768,1338,851
29.033,871,0,person,0.439,2015,764,2077,900
29.067,872,2,car,0.835,1117,789,1242,889
29.067,872,2,car,0.827,0,777,231,1004
29.067,872,2,car,0.82,1262,764,1645,1030
29.067,872,2,car,0.811,189,702,716,1113
29.067,872,0,person,0.788,2134,769,2200,958
29.067,872,2,car,0.768,901,794,1130,975
29.067,872,0,person,0.637,1972,770,2021,902
29.067,872,0,person,0.582,1942,767,1978,883
29.067,872,2,car,0.496,1249,768,1338,851
29.067,872,0,person,0.447,2015,764,2077,900
29.067,872,9,traffic light,0.402,31,136,129,326
29.1,873,2,car,0.833,1117,789,1242,889
29.1,873,2,car,0.826,0,777,231,1004
29.1,873,2,car,0.821,1262,764,1645,1030
29.1,873,2,car,0.814,189,702,716,1113
29.1,873,0,person,0.788,2134,769,2200,958
29.1,873,2,car,0.77,901,793,1130,975
29.1,873,0,person,0.634,1972,770,2021,902
29.1,873,0,person,0.58,1942,767,1978,883
29.1,873,2,car,0.499,1248,768,1338,851
29.1,873,0,person,0.444,2015,764,2077,900
29.133,874,2,car,0.857,917,795,1142,970
29.133,874,2,car,0.823,0,776,213,1017
29.133,874,2,car,0.821,162,698,711,1137
29.133,874,2,car,0.816,1265,763,1648,1026
29.133,874,2,car,0.731,1129,791,1257,886
29.133,874,9,traffic light,0.575,663,532,705,623
29.133,874,0,person,0.538,2011,772,2053,900
29.133,874,0,person,0.511,1642,790,1684,952
29.133,874,0,person,0.403,1733,765,1771,880
29.167,875,2,car,0.856,917,795,1142,970
29.167,875,2,car,0.823,0,776,213,1018
29.167,875,2,car,0.818,1265,763,1648,1026
29.167,875,2,car,0.817,162,698,711,1137
29.167,875,2,car,0.733,1129,791,1257,886
29.167,875,9,traffic light,0.583,663,532,705,623
29.167,875,0,person,0.538,2011,771,2053,900
29.167,875,0,person,0.51,1642,790,1684,952
29.167,875,0,person,0.401,1733,765,1771,880
29.2,876,2,car,0.858,917,795,1142,970
29.2,876,2,car,0.822,0,776,213,1018
29.2,876,2,car,0.815,161,698,710,1137
29.2,876,2,car,0.814,1265,763,1648,1026
29.2,876,2,car,0.736,1129,791,1257,886
29.2,876,9,traffic light,0.58,663,532,705,623
29.2,876,0,person,0.541,2011,771,2053,900
29.2,876,0,person,0.51,1642,790,1684,953
29.233,877,2,car,0.858,917,796,1142,970
29.233,877,2,car,0.826,0,776,214,1018
29.233,877,2,car,0.824,161,698,710,1137
29.233,877,2,car,0.813,1264,763,1648,1026
29.233,877,2,car,0.729,1129,792,1257,886
29.233,877,9,traffic light,0.622,663,533,705,624
29.233,877,0,person,0.534,2011,772,2053,900
29.233,877,0,person,0.495,1642,790,1684,952
29.233,877,0,person,0.407,1733,766,1772,881
29.267,878,2,car,0.814,1145,790,1270,886
29.267,878,2,car,0.809,0,784,188,1022
29.267,878,2,car,0.776,141,689,700,1154
29.267,878,2,car,0.75,1271,762,1655,1024
29.267,878,2,car,0.721,929,795,1150,967
29.267,878,0,person,0.586,2026,748,2085,906
29.267,878,0,person,0.541,2082,768,2139,902
29.267,878,0,person,0.523,1669,791,1717,962
29.267,878,9,traffic light,0.505,671,533,708,623
29.267,878,0,person,0.434,1761,771,1801,882
29.267,878,9,traffic light,0.415,1294,333,1359,436
29.3,879,2,car,0.814,1145,790,1270,886
29.3,879,2,car,0.809,0,784,188,1022
29.3,879,2,car,0.774,141,689,700,1154
29.3,879,2,car,0.753,1271,762,1655,1024
29.3,879,2,car,0.724,929,795,1150,967
29.3,879,0,person,0.586,2027,748,2086,906
29.3,879,0,person,0.543,2082,768,2139,902
29.3,879,0,person,0.521,1668,791,1717,962
29.3,879,9,traffic light,0.496,671,533,708,623
29.3,879,0,person,0.436,1761,771,1801,882
29.3,879,9,traffic light,0.414,1294,333,1358,436
29.333,880,2,car,0.815,1144,790,1271,886
29.333,880,2,car,0.813,0,783,188,1022
29.333,880,2,car,0.777,139,690,701,1154
29.333,880,2,car,0.748,1271,762,1655,1024
29.333,880,2,car,0.725,929,795,1149,967
29.333,880,0,person,0.574,2027,747,2086,906
29.333,880,9,traffic light,0.527,671,533,708,622
29.333,880,0,person,0.521,2082,769,2139,902
29.333,880,0,person,0.517,1669,791,1717,962
29.333,880,0,person,0.426,1761,771,1801,882
29.333,880,9,traffic light,0.406,1294,333,1357,436
29.367,881,2,car,0.888,940,796,1163,966
29.367,881,2,car,0.809,1284,762,1670,1027
29.367,881,2,car,0.768,119,683,695,1154
29.367,881,2,car,0.711,1161,790,1287,882
29.367,881,2,car,0.701,0,778,168,1027
29.367,881,9,traffic light,0.596,1317,320,1376,428
29.367,881,9,traffic light,0.538,678,531,713,620
29.367,881,0,person,0.435,1701,797,1746,969
29.367,881,0,person,0.432,2066,745,2120,909
29.4,882,2,car,0.888,940,796,1163,966
29.4,882,2,car,0.808,1284,762,1670,1027
29.4,882,2,car,0.765,119,683,695,1155
29.4,882,2,car,0.711,1161,790,1287,882
29.4,882,2,car,0.704,0,779,168,1027
29.4,882,9,traffic light,0.6,1317,320,1376,428
29.4,882,9,traffic light,0.544,678,531,713,620
29.4,882,0,person,0.437,1701,797,1746,969
29.4,882,0,person,0.425,2066,745,2120,909
29.433,883,2,car,0.886,940,796,1163,966
29.433,883,2,car,0.8,1284,762,1671,1027
29.433,883,2,car,0.772,119,683,695,1154
29.433,883,2,car,0.711,1161,790,1287,882
29.433,883,2,car,0.705,0,778,168,1027
29.433,883,9,traffic light,0.608,1317,320,1375,428
29.433,883,9,traffic light,0.54,678,531,713,620
29.433,883,0,person,0.435,1701,797,1746,970
29.433,883,0,person,0.422,2066,745,2120,909
29.467,884,2,car,0.898,61,673,671,1188
29.467,884,2,car,0.842,958,793,1170,965
29.467,884,2,car,0.776,1298,758,1679,1026
29.467,884,2,car,0.77,1184,791,1309,884
29.467,884,9,traffic light,0.688,684,523,718,608
29.467,884,2,car,0.613,0,775,128,1038
29.467,884,0,person,0.611,2112,737,2168,910
29.467,884,9,traffic light,0.579,1344,296,1406,401
29.467,884,0,person,0.487,1690,747,1753,976
29.467,884,0,person,0.469,1753,794,1801,977
29.467,884,0,person,0.469,1841,773,1890,894
29.467,884,0,person,0.413,1832,773,1880,896
29.5,885,2,car,0.897,61,673,671,1188
29.5,885,2,car,0.843,958,793,1170,965
29.5,885,2,car,0.774,1298,758,1679,1026
29.5,885,2,car,0.77,1184,791,1309,884
29.5,885,9,traffic light,0.691,684,523,718,608
29.5,885,2,car,0.614,0,775,128,1038
29.5,885,0,person,0.61,2112,738,2168,910
29.5,885,9,traffic light,0.583,1344,296,1406,401
29.5,885,0,person,0.492,1690,747,1753,976
29.5,885,0,person,0.47,1753,794,1801,977
29.5,885,0,person,0.467,1842,773,1890,893
29.5,885,0,person,0.41,1832,773,1880,896
29.533,886,2,car,0.897,61,673,671,1188
29.533,886,2,car,0.843,958,793,1170,965
29.533,886,2,car,0.774,1298,758,1679,1026
29.533,886,2,car,0.769,1184,791,1309,884
29.533,886,9,traffic light,0.693,684,523,718,608
29.533,886,2,car,0.614,0,775,128,1038
29.533,886,0,person,0.609,2112,737,2168,910
29.533,886,9,traffic light,0.585,1345,296,1407,401
29.533,886,0,person,0.49,1690,747,1753,976
29.533,886,0,person,0.47,1753,794,1801,977
29.533,886,0,person,0.465,1842,773,1890,893
29.533,886,0,person,0.407,1832,774,1879,896
29.567,887,2,car,0.885,52,672,664,1192
29.567,887,2,car,0.807,961,794,1173,963
29.567,887,2,car,0.775,1301,760,1678,1026
29.567,887,2,car,0.767,1190,787,1315,882
29.567,887,9,traffic light,0.616,683,525,718,610
29.567,887,0,person,0.616,1697,744,1778,984
29.567,887,2,car,0.592,0,777,113,1039
29.567,887,0,person,0.511,2128,751,2184,909
29.567,887,0,person,0.504,1765,793,1813,977
29.567,887,9,traffic light,0.499,1353,293,1416,398
29.567,887,0,person,0.456,1849,773,1899,891
29.6,888,2,car,0.884,51,672,665,1194
29.6,888,2,car,0.805,961,794,1173,963
29.6,888,2,car,0.771,1301,760,1678,1026
29.6,888,2,car,0.766,1190,787,1315,882
29.6,888,0,person,0.616,1696,744,1778,984
29.6,888,9,traffic light,0.61,683,525,718,610
29.6,888,2,car,0.587,0,777,113,1039
29.6,888,0,person,0.508,2128,749,2184,909
29.6,888,0,person,0.501,1765,793,1813,977
29.6,888,9,traffic light,0.493,1353,293,1417,398
29.6,888,0,person,0.458,1849,773,1899,891
29.633,889,2,car,0.883,52,672,665,1194
29.633,889,2,car,0.809,961,794,1173,963
29.633,889,2,car,0.773,1301,760,1678,1027
29.633,889,2,car,0.769,1190,787,1315,881
29.633,889,9,traffic light,0.619,683,525,718,610
29.633,889,0,person,0.611,1696,744,1778,984
29.633,889,2,car,0.583,0,777,113,1039
29.633,889,0,person,0.501,1765,793,1813,977
29.633,889,9,traffic light,0.498,1353,293,1417,398
29.633,889,0,person,0.496,2128,749,2183,908
29.633,889,0,person,0.455,1848,773,1899,891
29.667,890,2,car,0.835,7,670,650,1200
29.667,890,2,car,0.831,973,794,1184,956
29.667,890,2,car,0.773,1200,791,1322,881
29.667,890,9,traffic light,0.701,685,521,720,607
29.667,890,2,car,0.672,1309,762,1685,1023
29.667,890,0,person,0.629,1670,783,1730,967
29.667,890,0,person,0.59,2139,730,2206,909
29.667,890,0,person,0.552,1723,746,1795,979
29.667,890,9,traffic light,0.546,1368,279,1439,389
29.667,890,0,person,0.529,1867,767,1918,892
29.667,890,0,person,0.463,1788,780,1840,977
29.7,891,2,car,0.879,983,793,1188,956
29.7,891,2,car,0.803,1210,790,1329,884
29.7,891,9,traffic light,0.751,689,517,723,606
29.7,891,2,car,0.746,1316,760,1690,1023
29.7,891,0,person,0.67,1679,782,1751,972
29.7,891,0,person,0.592,1744,742,1814,984
29.7,891,0,person,0.55,1811,786,1865,982
29.7,891,2,car,0.545,0,667,637,1212
29.7,891,7,truck,0.514,0,666,639,1212
29.7,891,0,person,0.439,1744,744,1813,905
29.7,891,0,person,0.437,1897,770,1949,892
29.7,891,0,person,0.423,1890,767,1933,895
29.733,892,2,car,0.879,983,793,1188,956
29.733,892,2,car,0.803,1210,791,1329,884
29.733,892,9,traffic light,0.753,689,517,723,606
29.733,892,2,car,0.746,1316,759,1690,1023
29.733,892,0,person,0.669,1680,782,1751,972
29.733,892,0,person,0.592,1744,742,1814,984
29.733,892,0,person,0.551,1811,786,1865,982
29.733,892,2,car,0.544,0,667,637,1212
29.733,892,7,truck,0.513,0,666,639,1212
29.733,892,0,person,0.436,1744,744,1813,905
29.733,892,0,person,0.435,1897,770,1949,892
29.733,892,0,person,0.424,1890,767,1933,895
29.767,893,2,car,0.879,983,793,1188,956
29.767,893,2,car,0.805,1210,790,1329,884
29.767,893,9,traffic light,0.769,689,517,723,606
29.767,893,2,car,0.742,1316,760,1690,1023
29.767,893,0,person,0.667,1680,782,1751,972
29.767,893,0,person,0.586,1744,742,1814,984
29.767,893,0,person,0.549,1811,786,1865,982
29.767,893,2,car,0.535,0,667,637,1212
29.767,893,7,truck,0.519,0,666,639,1212
29.767,893,0,person,0.44,1744,744,1813,905
29.767,893,0,person,0.436,1898,770,1949,892
29.767,893,0,person,0.415,1890,767,1933,895
29.8,894,2,car,0.87,1003,797,1197,953
29.8,894,2,car,0.815,1226,789,1345,884
29.8,894,9,traffic light,0.814,688,511,723,605
29.8,894,2,car,0.768,1327,765,1698,1025
29.8,894,0,person,0.671,1721,785,1789,980
29.8,894,7,truck,0.639,0,660,593,1212
29.8,894,0,person,0.46,1785,742,1866,975
29.8,894,0,person,0.446,532,756,599,884
29.833,895,2,car,0.87,1003,797,1197,953
29.833,895,2,car,0.816,1226,789,1345,884
29.833,895,9,traffic light,0.814,688,511,723,605
29.833,895,2,car,0.769,1327,765,1698,1025
29.833,895,0,person,0.674,1721,785,1789,980
29.833,895,7,truck,0.637,0,660,593,1212
29.833,895,0,person,0.462,1785,742,1866,975
29.833,895,0,person,0.45,532,756,599,885
29.867,896,2,car,0.87,1002,797,1197,954
29.867,896,2,car,0.814,1226,788,1344,883
29.867,896,9,traffic light,0.794,688,511,722,606
29.867,896,2,car,0.759,1327,765,1698,1024
29.867,896,0,person,0.695,1721,785,1791,981
29.867,896,7,truck,0.626,0,660,593,1212
29.867,896,0,person,0.467,1787,742,1866,972
29.867,896,0,person,0.416,531,756,600,881
29.867,896,0,person,0.403,1959,764,1998,896
29.9,897,2,car,0.871,1003,797,1197,954
29.9,897,2,car,0.816,1226,788,1344,883
29.9,897,9,traffic light,0.8,688,511,723,606
29.9,897,2,car,0.757,1327,765,1698,1024
29.9,897,0,person,0.699,1721,785,1792,981
29.9,897,7,truck,0.614,0,660,593,1212
29.9,897,0,person,0.466,1787,742,1866,972
29.9,897,0,person,0.418,532,756,599,883
29.9,897,0,person,0.41,1959,764,1998,896
29.933,898,2,car,0.862,1004,799,1200,953
29.933,898,2,car,0.801,1330,769,1701,1030
29.933,898,2,car,0.738,1234,794,1356,887
29.933,898,0,person,0.732,1738,790,1808,989
29.933,898,0,person,0.676,533,757,595,949
29.933,898,0,person,0.562,1809,745,1888,1002
29.933,898,9,traffic light,0.554,688,509,720,605
29.933,898,0,person,0.533,1880,792,1937,999
29.933,898,7,truck,0.513,0,657,573,1212
29.933,898,2,car,0.512,0,656,573,1212
29.967,899,2,car,0.851,1013,805,1208,959
29.967,899,0,person,0.809,1755,795,1830,1002
29.967,899,0,person,0.792,524,762,592,959
29.967,899,2,car,0.757,1334,775,1708,1038
29.967,899,2,car,0.751,1239,799,1357,896
29.967,899,7,truck,0.691,0,655,542,1212
29.967,899,0,person,0.559,1835,752,1913,998
29.967,899,5,bus,0.453,1590,649,2002,949
29.967,899,9,traffic light,0.435,688,509,720,604
30.0,900,2,car,0.851,1013,805,1208,959
30.0,900,0,person,0.811,1755,795,1830,1002
30.0,900,0,person,0.792,524,762,592,959
30.0,900,2,car,0.756,1334,775,1708,1038
30.0,900,2,car,0.75,1239,799,1358,896
30.0,900,7,truck,0.69,0,655,542,1212
30.0,900,0,person,0.556,1835,752,1913,998
30.0,900,5,bus,0.437,1591,649,2003,948
30.0,900,9,traffic light,0.433,688,509,720,604
30.033,901,2,car,0.85,1013,805,1208,959
30.033,901,0,person,0.814,1755,794,1831,1003
30.033,901,0,person,0.795,524,761,592,959
30.033,901,2,car,0.755,1334,775,1708,1037
30.033,901,2,car,0.751,1239,799,1357,896
30.033,901,7,truck,0.685,0,655,542,1212
30.033,901,0,person,0.547,1835,752,1912,997
30.033,901,0,person,0.424,1905,788,1963,1011
30.033,901,9,traffic light,0.413,686,510,720,607
30.067,902,2,car,0.874,1022,816,1217,971
30.067,902,0,person,0.808,519,769,589,975
30.067,902,2,car,0.773,1341,786,1716,1053
30.067,902,0,person,0.762,1784,804,1865,1022
30.067,902,2,car,0.754,1254,812,1371,906
30.067,902,9,traffic light,0.663,686,511,723,610
30.067,902,0,person,0.551,1868,763,1964,1043
30.067,902,2,car,0.483,438,784,527,830
30.067,902,5,bus,0.447,0,653,493,1212
30.1,903,2,car,0.872,1022,816,1217,971
30.1,903,0,person,0.81,519,768,589,975
30.1,903,2,car,0.77,1341,786,1716,1053
30.1,903,0,person,0.763,1784,804,1865,1022
30.1,903,2,car,0.755,1254,813,1372,906
30.1,903,9,traffic light,0.652,686,513,722,613
30.1,903,0,person,0.551,1867,763,1963,1042
30.1,903,2,car,0.479,438,784,526,830
30.1,903,5,bus,0.447,0,653,493,1212
30.133,904,2,car,0.896,1030,822,1225,974
30.133,904,2,car,0.838,1345,793,1736,1060
30.133,904,0,person,0.821,512,776,582,983
30.133,904,0,person,0.778,1808,804,1890,1035
30.133,904,2,car,0.745,1265,814,1379,911
30.133,904,9,traffic light,0.686,683,508,721,615
30.133,904,2,car,0.579,0,646,451,1212
30.133,904,9,traffic light,0.438,1475,206,1558,339
30.133,904,2,car,0.43,385,790,514,832
30.133,904,0,person,0.424,2079,789,2122,930
30.133,904,0,person,0.414,1902,767,1990,958
30.133,904,0,person,0.412,1901,768,1991,1054
30.167,905,2,car,0.896,1030,822,1224,974
30.167,905,2,car,0.832,1345,793,1735,1060
30.167,905,0,person,0.821,512,776,582,983
30.167,905,0,person,0.785,1808,804,1890,1035
30.167,905,2,car,0.743,1265,814,1378,911
30.167,905,9,traffic light,0.707,683,507,721,614
30.167,905,2,car,0.591,0,646,452,1212
30.167,905,2,car,0.474,385,790,515,832
30.167,905,9,traffic light,0.427,1476,206,1560,339
30.167,905,0,person,0.414,2079,791,2122,930
30.167,905,0,person,0.406,1904,768,1990,953
30.2,906,2,car,0.895,1030,822,1224,974
30.2,906,2,car,0.832,1345,793,1735,1060
30.2,906,0,person,0.821,512,776,582,983
30.2,906,0,person,0.786,1808,804,1890,1035
30.2,906,2,car,0.743,1265,814,1378,911
30.2,906,9,traffic light,0.702,683,507,721,614
30.2,906,2,car,0.592,0,646,452,1212
30.2,906,2,car,0.472,385,790,514,832
30.2,906,9,traffic light,0.435,1476,205,1560,339
30.2,906,0,person,0.41,2079,791,2122,930
30.2,906,0,person,0.404,1904,768,1990,952
30.233,907,2,car,0.856,1350,797,1741,1064
30.233,907,2,car,0.845,1046,829,1237,976
30.233,907,0,person,0.805,499,780,572,998
30.233,907,2,car,0.797,1273,814,1392,915
30.233,907,0,person,0.765,1853,814,1944,1048
30.233,907,7,truck,0.764,1654,657,2138,1003
30.233,907,9,traffic light,0.679,675,499,717,613
30.233,907,0,person,0.589,2131,791,2187,938
30.233,907,0,person,0.578,1950,767,2068,1057
30.233,907,2,car,0.526,386,792,509,837
30.233,907,9,traffic light,0.503,1509,176,1574,315
30.233,907,2,car,0.488,0,632,345,1203
30.233,907,7,truck,0.442,0,631,346,1198
30.267,908,2,car,0.859,1350,798,1741,1064
30.267,908,2,car,0.842,1046,829,1237,976
30.267,908,0,person,0.809,499,780,572,999
30.267,908,2,car,0.799,1273,813,1392,915
30.267,908,0,person,0.778,1852,813,1941,1047
30.267,908,7,truck,0.762,1653,657,2140,1004
30.267,908,9,traffic light,0.676,675,499,717,613
30.267,908,0,person,0.597,2132,790,2186,938
30.267,908,0,person,0.59,1951,768,2077,1058
30.267,908,9,traffic light,0.527,1509,176,1574,314
30.267,908,2,car,0.521,0,632,345,1204
30.267,908,2,car,0.519,386,791,509,836
30.267,908,7,truck,0.441,0,631,345,1198
30.3,909,2,car,0.868,1049,829,1242,974
30.3,909,2,car,0.847,1351,799,1737,1062
30.3,909,0,person,0.813,495,778,569,998
30.3,909,0,person,0.774,1840,814,1926,1046
30.3,909,2,car,0.766,1279,819,1394,913
30.3,909,9,traffic light,0.683,674,497,715,607
30.3,909,9,traffic light,0.606,1588,164,1659,305
30.3,909,0,person,0.572,2118,794,2170,938
30.3,909,0,person,0.553,1950,768,2072,1059
30.3,909,2,car,0.466,387,791,480,830
30.3,909,9,traffic light,0.433,1518,165,1580,302
30.3,909,2,car,0.414,387,790,512,833
30.333,910,2,car,0.87,1049,829,1241,973
30.333,910,2,car,0.845,1350,798,1737,1062
30.333,910,0,person,0.809,495,778,569,998
30.333,910,0,person,0.774,1840,814,1926,1046
30.333,910,2,car,0.77,1279,819,1394,913
30.333,910,9,traffic light,0.66,674,497,715,606
30.333,910,9,traffic light,0.604,1588,163,1659,305
30.333,910,0,person,0.577,2118,794,2170,938
30.333,910,0,person,0.546,1950,768,2072,1059
30.333,910,2,car,0.484,386,791,482,831
30.333,910,2,car,0.426,387,790,512,833
30.333,910,9,traffic light,0.416,1517,165,1580,303
30.367,911,2,car,0.862,1051,831,1243,975
30.367,911,2,car,0.859,1352,797,1738,1063
30.367,911,0,person,0.812,1864,812,1952,1052
30.367,911,0,person,0.807,496,779,569,999
30.367,911,2,car,0.769,1279,819,1393,912
30.367,911,9,traffic light,0.669,674,497,715,607
30.367,911,7,truck,0.61,1660,656,2215,1004
30.367,911,9,traffic light,0.597,1588,163,1659,305
30.367,911,0,person,0.577,2145,795,2196,940
30.367,911,2,car,0.488,0,628,317,1212
30.367,911,2,car,0.486,385,792,483,831
30.367,911,0,person,0.476,1984,768,2070,1037
30.367,911,0,person,0.441,1983,772,2097,1071
30.4,912,2,car,0.887,1059,829,1245,973
30.4,912,2,car,0.853,1353,797,1737,1061
30.4,912,0,person,0.846,1874,814,1971,1055
30.4,912,0,person,0.804,492,778,564,999
30.4,912,2,car,0.76,1287,819,1400,913
30.4,912,5,bus,0.646,0,621,285,1210
30.4,912,9,traffic light,0.625,1605,159,1674,299
30.4,912,9,traffic light,0.617,673,493,716,605
30.4,912,7,truck,0.604,1667,653,2213,1011
30.4,912,0,person,0.576,1992,768,2087,1047
30.4,912,2,car,0.57,0,621,287,1212
30.4,912,9,traffic light,0.522,1524,156,1589,296
30.433,913,2,car,0.886,1059,829,1245,973
30.433,913,2,car,0.851,1353,797,1737,1061
30.433,913,0,person,0.846,1874,814,1971,1055
30.433,913,0,person,0.805,492,778,564,999
30.433,913,2,car,0.76,1287,819,1400,913
30.433,913,5,bus,0.652,0,621,285,1210
30.433,913,9,traffic light,0.626,673,493,716,605
30.433,913,9,traffic light,0.623,1605,159,1674,299
30.433,913,7,truck,0.619,1667,653,2214,1011
30.433,913,0,person,0.573,1993,768,2087,1047
30.433,913,2,car,0.568,0,621,286,1212
30.433,913,9,traffic light,0.52,1524,156,1589,296
30.467,914,2,car,0.863,1061,821,1248,970
30.467,914,2,car,0.822,1354,793,1737,1059
30.467,914,2,car,0.805,1293,816,1404,910
30.467,914,2,car,0.785,0,616,238,1212
30.467,914,0,person,0.782,480,774,557,1001
30.467,914,0,person,0.752,1900,810,1996,1060
30.467,914,7,truck,0.687,1672,641,2219,1013
30.467,914,9,traffic light,0.647,668,488,711,599
30.467,914,0,person,0.599,2014,763,2125,1054
30.467,914,9,traffic light,0.577,1614,138,1697,278
30.467,914,2,car,0.522,392,789,483,825
30.467,914,2,car,0.447,182,839,284,903
30.467,914,5,bus,0.434,0,612,241,1211
30.5,915,0,person,0.869,1912,806,2010,1059
30.5,915,2,car,0.859,1356,794,1741,1058
30.5,915,2,car,0.848,1067,821,1252,969
30.5,915,0,person,0.795,475,775,552,1001
30.5,915,2,car,0.783,1294,813,1406,909
30.5,915,9,traffic light,0.718,1642,134,1709,263
30.5,915,7,truck,0.708,1685,634,2210,1016
30.5,915,0,person,0.633,2046,760,2142,1050
30.5,915,2,car,0.627,0,611,241,1207
30.5,915,9,traffic light,0.582,667,483,706,586
30.5,915,9,traffic light,0.571,1553,118,1639,272
30.5,915,5,bus,0.499,0,608,241,1205
30.5,915,2,car,0.493,393,790,474,824
30.5,915,5,bus,0.439,1687,637,2209,1012
30.533,916,0,person,0.869,1912,806,2010,1059
30.533,916,2,car,0.859,1356,794,1741,1058
30.533,916,2,car,0.848,1067,821,1252,969
30.533,916,0,person,0.794,475,775,552,1001
30.533,916,2,car,0.782,1294,813,1406,909
30.533,916,9,traffic light,0.719,1642,134,1709,263
30.533,916,7,truck,0.704,1685,634,2210,1016
30.533,916,0,person,0.632,2046,760,2142,1050
30.533,916,2,car,0.628,0,611,242,1207
30.533,916,9,traffic light,0.572,667,483,706,586
30.533,916,9,traffic light,0.572,1553,118,1638,272
30.533,916,5,bus,0.498,0,608,241,1205
30.533,916,2,car,0.492,393,790,474,824
30.533,916,5,bus,0.443,1687,637,2209,1012
30.567,917,2,car,0.852,1362,820,1741,1047
30.567,917,2,car,0.827,1074,813,1259,958
30.567,917,9,traffic light,0.825,661,466,703,583
30.567,917,0,person,0.794,1938,805,2046,1062
30.567,917,0,person,0.771,466,770,547,1001
30.567,917,7,truck,0.72,1719,625,2221,1015
30.567,917,0,person,0.691,2088,757,2182,1057
30.567,917,2,car,0.668,1302,803,1410,900
30.567,917,9,traffic light,0.611,1669,105,1730,240
30.567,917,9,traffic light,0.519,1574,93,1631,244
30.567,917,2,car,0.478,394,782,486,821
30.567,917,5,bus,0.445,1720,628,2223,1015
30.6,918,2,car,0.857,1078,812,1260,956
30.6,918,0,person,0.842,1954,799,2059,1060
30.6,918,9,traffic light,0.824,659,460,702,573
30.6,918,2,car,0.821,1359,790,1744,1045
30.6,918,5,bus,0.819,1722,621,2221,1011
30.6,918,0,person,0.796,461,765,544,1000
30.6,918,0,person,0.687,2103,747,2209,1042
30.6,918,2,car,0.647,1308,800,1409,897
30.6,918,9,traffic light,0.484,1667,76,1747,234
30.6,918,2,car,0.408,387,778,485,817
30.633,919,0,person,0.885,1967,798,2079,1061
30.633,919,2,car,0.854,1082,809,1262,952
30.633,919,9,traffic light,0.847,655,451,700,568
30.633,919,2,car,0.825,1360,779,1746,1043
30.633,919,0,person,0.803,456,757,538,1008
30.633,919,5,bus,0.758,1727,620,2224,1011
30.633,919,0,person,0.675,2126,747,2222,1092
30.633,919,2,car,0.656,1314,805,1413,896
30.633,919,9,traffic light,0.648,1697,63,1763,215
30.633,919,2,car,0.549,0,763,138,1212
30.633,919,9,traffic light,0.439,1596,60,1655,218
30.667,920,0,person,0.842,1996,794,2112,1067
30.667,920,0,person,0.812,441,751,527,998
30.667,920,2,car,0.784,1362,776,1751,1037
30.667,920,2,car,0.721,1091,804,1270,944
30.667,920,9,traffic light,0.706,649,436,692,559
30.667,920,0,person,0.693,2170,743,2223,1039
30.667,920,2,car,0.679,1321,795,1415,891
30.667,920,5,bus,0.653,1749,603,2222,1008
30.667,920,9,traffic light,0.612,1720,34,1790,188
30.7,921,0,person,0.841,1996,794,2112,1067
30.7,921,0,person,0.81,441,751,527,998
30.7,921,2,car,0.775,1363,775,1750,1038
30.7,921,2,car,0.723,1091,804,1270,944
30.7,921,0,person,0.697,2170,743,2223,1039
30.7,921,9,traffic light,0.693,649,436,692,559
30.7,921,2,car,0.686,1321,794,1415,891
30.7,921,5,bus,0.621,1748,603,2222,1009
30.7,921,9,traffic light,0.609,1720,35,1790,188
30.733,922,0,person,0.85,2013,791,2128,1070
30.733,922,0,person,0.821,440,751,523,997
30.733,922,9,traffic light,0.798,646,431,693,552
30.733,922,2,car,0.747,1099,807,1271,944
30.733,922,2,car,0.746,1325,794,1418,889
30.733,922,2,car,0.71,1363,789,1747,1037
30.733,922,5,bus,0.644,1756,605,2222,1011
30.733,922,9,traffic light,0.598,1726,17,1809,178
30.733,922,0,person,0.458,2189,744,2223,1042
30.767,923,5,bus,0.844,1778,597,2221,1023
30.767,923,2,car,0.83,1103,803,1275,938
30.767,923,0,person,0.83,2060,796,2176,1083
30.767,923,0,person,0.813,415,749,504,1006
30.767,923,9,traffic light,0.791,636,417,681,549
30.767,923,2,car,0.767,1361,780,1747,1042
30.767,923,2,car,0.762,1333,794,1413,890
30.767,923,2,car,0.665,1699,797,1800,922
30.767,923,9,traffic light,0.486,1767,0,1858,144
30.767,923,2,car,0.448,898,790,973,835
30.767,923,2,car,0.403,1046,772,1087,810
30.8,924,5,bus,0.846,1778,597,2221,1023
30.8,924,0,person,0.83,2060,796,2176,1083
30.8,924,2,car,0.83,1103,803,1275,938
30.8,924,0,person,0.813,415,749,504,1006
30.8,924,9,traffic light,0.791,636,417,681,549
30.8,924,2,car,0.771,1361,780,1747,1042
30.8,924,2,car,0.762,1333,793,1413,890
30.8,924,2,car,0.664,1699,797,1800,922
30.8,924,9,traffic light,0.49,1767,0,1858,144
30.8,924,2,car,0.449,898,790,973,835
30.8,924,2,car,0.402,1046,772,1087,810
30.833,925,5,bus,0.841,1778,597,2220,1023
30.833,925,0,person,0.83,2060,796,2176,1083
30.833,925,2,car,0.829,1103,803,1275,938
30.833,925,0,person,0.812,415,749,504,1006
30.833,925,9,traffic light,0.79,636,417,681,549
30.833,925,2,car,0.767,1361,780,1747,1042
30.833,925,2,car,0.765,1333,794,1413,890
30.833,925,2,car,0.661,1699,797,1800,922
30.833,925,9,traffic light,0.492,1767,0,1858,144
30.833,925,2,car,0.442,898,791,973,835
